tm,tp,sl,rr,threshold,freq_ok,all_years_positive,n,positive,negative,wr,net,ev,pf,dd,streak,n_2023,n_2024,n_2025,n_2026,net_2023,net_2024,net_2025,net_2026
600,10.0,10.0,1.0,0.5,True,False,802,401,401,0.5,-20.982000000001108,-0.02616209476309365,0.9944141217136839,300.2570000000005,10,212,224,224,142,33.33399999999915,-94.89400000000023,-59.422000000000025,100.0
600,10.0,10.0,1.0,0.52,True,False,677,335,342,0.4948301329394387,-102.6170000000011,-0.1515760709010356,0.9681218921275667,338.96600000000035,9,171,201,187,118,80.85199999999918,-134.04700000000025,-89.42200000000003,40.0
600,10.0,10.0,1.0,0.54,True,False,567,281,286,0.49559082892416223,-105.84600000000046,-0.1866772486772495,0.960869762921322,254.95000000000073,7,143,166,159,99,18.249999999999318,-61.8299999999997,-72.26600000000008,10.0
600,10.0,10.0,1.0,0.56,True,False,432,207,225,0.4791666666666667,-182.24900000000048,-0.4218726851851863,0.9143206779539899,245.50500000000034,7,100,125,128,79,-40.83100000000081,-69.15199999999959,-82.26600000000008,10.0
600,10.0,10.0,1.0,0.58,False,False,328,162,166,0.49390243902439024,-45.00700000000052,-0.13721646341463573,0.9713732167492789,184.67300000000023,8,73,94,101,60,-10.503000000000611,-42.23799999999983,-32.266000000000076,40.0
600,10.0,10.0,1.0,0.6,False,False,252,123,129,0.4880952380952381,-77.1260000000002,-0.30605555555555636,0.937119665533952,186.106,8,54,68,83,47,-66.43900000000053,-8.420999999999594,-32.266000000000076,30.0
600,10.0,10.0,1.0,0.62,False,False,180,91,89,0.5055555555555555,6.42699999999968,0.035705555555553777,1.0076837917067172,125.92500000000041,8,35,50,63,32,-77.50200000000063,37.559000000000424,26.36999999999989,20.0
600,10.0,10.0,1.0,0.64,False,False,114,60,54,0.5263157894736842,53.297999999999774,0.4675263157894717,1.1072038458057178,105.37800000000038,7,22,27,40,25,-94.83500000000049,66.36300000000028,51.76999999999998,30.0
600,10.0,10.0,1.0,0.66,False,False,91,47,44,0.5164835164835165,41.734999999999445,0.45862637362636755,1.1050822705928252,77.94500000000039,5,18,21,32,20,-74.83500000000049,64.79999999999995,31.769999999999982,20.0
600,10.0,10.0,1.0,0.68,False,False,55,27,28,0.4909090909090909,-2.4170000000001437,-0.04394545454545716,0.9908973475390445,80.0,7,12,15,22,6,-52.417000000000144,50.0,-20.0,20.0
600,10.0,10.0,1.0,0.7,False,False,28,12,16,0.42857142857142855,-31.839999999999918,-1.1371428571428541,0.7903055848261332,41.83999999999992,4,6,7,11,4,-31.839999999999918,10.0,-10.0,0.0
600,15.0,15.0,1.0,0.5,True,False,812,397,415,0.48891625615763545,-80.84800000000496,-0.0995665024630603,0.9841056457120738,487.24400000000196,9,208,221,226,157,123.7969999999982,92.18199999999797,-142.72700000000077,-154.10000000000036
600,15.0,15.0,1.0,0.52,True,False,712,350,362,0.49157303370786515,-83.15100000000439,-0.11678511235955673,0.9816957117629879,488.3610000000026,9,165,193,208,146,109.9659999999983,83.95699999999829,-137.97400000000061,-139.10000000000036
600,15.0,15.0,1.0,0.54,True,False,621,310,311,0.499194847020934,137.0669999999966,0.22071980676327954,1.035242726834219,345.0,11,136,162,190,133,118.9189999999985,117.52499999999895,-35.2770000000005,-64.10000000000036
600,15.0,15.0,1.0,0.56,True,False,516,266,250,0.5155038759689923,259.7079999999985,0.503310077519377,1.0815373636520327,315.0,8,112,132,159,113,167.570999999999,249.23400000000015,-62.9970000000003,-94.10000000000036
600,15.0,15.0,1.0,0.58,False,False,415,215,200,0.5180722891566265,176.02199999999834,0.42414939759035747,1.0672536617143331,296.0900000000006,13,79,107,128,101,199.64299999999912,153.15899999999988,-131.78000000000065,-45.0
600,15.0,15.0,1.0,0.6,False,False,336,173,163,0.5148809523809523,59.07499999999868,0.17581845238094845,1.0271207309811707,349.5730000000008,13,60,82,104,90,176.29199999999946,131.53300000000013,-158.7500000000009,-90.0
600,15.0,15.0,1.0,0.62,False,False,263,134,129,0.5095057034220533,-7.878000000001293,-0.029954372623579063,0.9954861059384228,246.79500000000053,10,46,59,83,75,108.81099999999924,49.557000000000016,-91.24600000000055,-75.0
600,15.0,15.0,1.0,0.64,False,False,207,106,101,0.5120772946859904,25.422999999998638,0.12281642512076636,1.0182952586904808,259.28200000000106,8,34,45,69,59,115.69899999999961,69.10399999999959,-174.38000000000056,15.0
600,15.0,15.0,1.0,0.66,False,False,149,78,71,0.5234899328859061,30.450999999998885,0.20436912751677103,1.0306862407213688,172.38400000000047,6,22,27,49,51,24.58999999999969,82.36099999999965,-121.50000000000045,45.0
600,15.0,15.0,1.0,0.68,False,False,108,57,51,0.5277777777777778,10.556999999999107,0.09774999999999173,1.0145101434933188,135.0,7,16,16,34,42,25.608999999999924,12.927999999999656,-57.98000000000047,30.0
600,15.0,15.0,1.0,0.7,False,False,86,47,39,0.5465116279069767,66.11799999999926,0.7688139534883635,1.1161676857122764,105.0,5,8,11,28,39,16.465999999999894,22.851999999999634,-48.20000000000027,75.0
600,20.0,20.0,1.0,0.5,True,False,756,373,383,0.4933862433862434,-13.324000000003025,-0.017624338624342626,0.9975270756816172,377.1899999999996,8,210,213,203,130,73.2269999999985,-149.1320000000003,299.77099999999837,-237.1899999999996
600,20.0,20.0,1.0,0.52,True,False,618,308,310,0.49838187702265374,23.797999999996364,0.03850809061488085,1.0054349886472265,355.3970000000013,8,161,169,178,110,62.58899999999812,-111.01900000000046,229.4179999999983,-157.1899999999996
600,20.0,20.0,1.0,0.54,True,False,501,250,251,0.499001996007984,-64.89100000000258,-0.12952295409182152,0.9822304604482537,352.46000000000004,8,120,136,148,97,36.11799999999835,-39.182000000000244,115.36299999999892,-177.1899999999996
600,20.0,20.0,1.0,0.56,False,False,375,191,184,0.5093333333333333,37.609999999997854,0.10029333333332761,1.0138987024428596,288.3599999999997,7,86,95,111,83,26.87699999999927,12.00299999999902,151.8199999999988,-153.08999999999924
600,20.0,20.0,1.0,0.58,False,False,306,154,152,0.5032679738562091,-51.12400000000093,-0.16707189542483966,0.9773782005217824,253.08999999999924,7,67,76,94,69,50.18499999999972,9.170999999999367,42.60999999999922,-153.08999999999924
600,20.0,20.0,1.0,0.6,False,False,244,123,121,0.5040983606557377,-3.7450000000019372,-0.015348360655745644,0.9979040203631827,266.2039999999988,6,54,57,80,53,12.815999999999804,32.30299999999829,104.2259999999992,-153.08999999999924
600,20.0,20.0,1.0,0.62,False,False,193,98,95,0.5077720207253886,1.0619999999983065,0.005502590673566355,1.000764271254404,221.47399999999925,6,39,49,65,40,9.739000000000033,63.93999999999846,35.74299999999948,-108.35999999999967
600,20.0,20.0,1.0,0.64,False,False,150,80,70,0.5333333333333333,129.65699999999947,0.8643799999999965,1.1255357856915322,131.48699999999917,4,28,39,50,33,40.827000000000226,29.950999999998885,147.23900000000003,-88.35999999999967
600,20.0,20.0,1.0,0.66,False,False,98,50,48,0.5102040816326531,26.779999999999518,0.27326530612244404,1.0376234034990601,108.35999999999967,6,18,25,30,25,5.785000000000082,7.601999999999407,61.7529999999997,-48.35999999999967
600,20.0,20.0,1.0,0.68,False,False,64,27,37,0.421875,-120.02799999999979,-1.8754374999999968,0.7856692612492928,150.3499999999999,7,11,15,20,18,-2.382000000000062,-25.798999999999978,-23.48700000000008,-68.35999999999967
600,20.0,20.0,1.0,0.7,False,False,40,18,22,0.45,-60.210000000000264,-1.5052500000000066,0.8228883234545742,90.53200000000038,3,8,8,12,12,11.444999999999936,-3.755000000000109,-27.90000000000009,-40.0
600,20.0,15.0,1.3333333333333333,0.5,True,False,617,271,346,0.4392220421393841,-141.99300000000426,-0.23013452188007172,0.9650617060373384,462.23000000000275,11,174,174,165,104,202.1079999999988,43.00599999999827,-122.10700000000134,-265.0
600,20.0,15.0,1.3333333333333333,0.52,True,False,512,227,285,0.443359375,-104.93400000000315,-0.20494921875000616,0.9685613995561063,345.0,10,142,144,137,89,115.96899999999914,36.932999999998856,-42.83600000000115,-215.0
600,20.0,15.0,1.3333333333333333,0.54,True,False,411,188,223,0.45742092457420924,22.603999999997086,0.05499756690996858,1.0084798601445815,290.0,9,113,105,116,77,67.77899999999909,-13.706000000000586,108.53099999999858,-140.0
600,20.0,15.0,1.3333333333333333,0.56,False,False,324,149,175,0.45987654320987653,-73.07200000000216,-0.22553086419753754,0.9658497373488111,290.0,10,84,84,94,62,11.72899999999936,105.34799999999973,4.8509999999987485,-195.0
600,20.0,15.0,1.3333333333333333,0.58,False,False,253,116,137,0.45849802371541504,-118.3710000000026,-0.4678695652174016,0.9298433297495655,274.6480000000015,8,64,66,71,52,86.65299999999957,8.63899999999876,-63.66300000000092,-150.0
600,20.0,15.0,1.3333333333333333,0.6,False,False,201,93,108,0.4626865671641791,-87.18000000000097,-0.4337313432835869,0.9345427187972312,264.6530000000007,8,53,48,55,45,100.11300000000006,27.413999999999305,-29.707000000000335,-185.0
600,20.0,15.0,1.3333333333333333,0.62,False,False,146,62,84,0.4246575342465753,-205.31700000000092,-1.4062808219178144,0.7987232286316756,347.5800000000004,13,39,34,42,31,82.93699999999967,21.87599999999952,-125.13000000000011,-185.0
600,20.0,15.0,1.3333333333333333,0.64,False,False,94,37,57,0.39361702127659576,-190.6309999999994,-2.0279893617021214,0.7401378163403022,243.9010000000003,9,21,18,33,22,21.748000000000047,2.7010000000004766,-95.07999999999993,-120.0
600,20.0,15.0,1.3333333333333333,0.66,False,False,66,27,39,0.4090909090909091,-138.25,-2.0946969696969697,0.732783631088716,164.5329999999999,8,15,12,19,20,1.6579999999999018,-9.907999999999902,-5.0,-125.0
600,20.0,15.0,1.3333333333333333,0.68,False,False,48,19,29,0.3958333333333333,-94.99900000000048,-1.9791458333333434,0.7520605291866969,114.99900000000048,6,10,8,13,17,-35.27099999999996,5.27199999999948,15.0,-80.0
600,20.0,15.0,1.3333333333333333,0.7,False,False,38,17,21,0.4473684210526316,-42.40899999999988,-1.1160263157894705,0.8540459244779123,62.40899999999988,4,7,6,12,13,-43.38099999999963,25.971999999999753,-5.0,-20.0
600,25.0,20.0,1.25,0.5,True,False,738,345,393,0.46747967479674796,-210.66000000000304,-0.28544715447154884,0.9623576148100783,764.3169999999982,9,203,202,203,130,8.818999999998596,83.83499999999958,134.52599999999802,-437.83999999999924
600,25.0,20.0,1.25,0.52,True,False,625,291,334,0.4656,-258.6220000000028,-0.41379520000000447,0.9466012170831007,529.3169999999982,9,167,169,177,112,-40.47700000000168,68.301999999999,16.39299999999912,-302.83999999999924
600,25.0,20.0,1.25,0.54,True,False,502,232,270,0.46215139442231074,-378.86700000000224,-0.7547151394422356,0.9049430649938462,509.8209999999981,9,122,132,154,94,-102.31800000000112,57.876999999998816,-76.5860000000007,-257.83999999999924
600,25.0,20.0,1.25,0.56,False,False,386,183,203,0.4740932642487047,-101.21600000000103,-0.26221761658031356,0.9658460670472043,351.81099999999833,8,88,97,122,79,-65.44700000000103,96.5759999999998,5.494999999999436,-137.83999999999924
600,25.0,20.0,1.25,0.58,False,False,290,135,155,0.46551724137931033,-99.66699999999992,-0.3436793103448273,0.9548929926573883,300.2569999999987,6,65,71,96,58,-25.151000000000295,25.121999999999844,23.20199999999977,-122.83999999999924
600,25.0,20.0,1.25,0.6,False,False,218,100,118,0.45871559633027525,-112.54299999999967,-0.5162522935779801,0.9352536569145112,368.28699999999844,10,45,55,76,42,-41.29300000000035,74.18999999999983,33.29999999999973,-178.73999999999887
600,25.0,20.0,1.25,0.62,False,False,161,72,89,0.4472049689440994,-185.25299999999993,-1.1506397515527946,0.8590157671472863,338.7399999999989,11,34,42,54,31,0.55600000000004,66.493999999999,-113.5630000000001,-138.73999999999887
600,25.0,20.0,1.25,0.64,False,False,113,48,65,0.4247787610619469,-223.5229999999999,-1.9780796460176984,0.7663547885022843,321.13699999999926,9,26,29,35,23,-29.41199999999958,97.14199999999846,-222.51299999999992,-68.73999999999887
600,25.0,20.0,1.25,0.66,False,False,82,34,48,0.4146341463414634,-111.25399999999922,-1.356756097560966,0.8424581590995028,226.0030000000006,9,16,23,27,16,-17.275999999999613,55.05899999999929,-175.29700000000003,26.260000000001128
600,25.0,20.0,1.25,0.68,False,False,53,21,32,0.39622641509433965,-101.19899999999916,-1.9094150943396069,0.7795305610261966,171.71900000000005,6,11,16,13,13,-4.221999999999753,-10.760000000000218,-78.12699999999995,-8.089999999999236
600,25.0,20.0,1.25,0.7,False,False,33,15,18,0.45454545454545453,22.080000000000382,0.6690909090909206,1.0934702084876724,82.70499999999993,5,6,12,8,7,-10.235000000000127,-10.054999999999836,-12.900000000000091,55.27000000000044
600,30.0,25.0,1.2,0.5,True,False,692,317,375,0.45809248554913296,-931.0390000000039,-1.345432080924861,0.8423295435301251,1034.1450000000023,13,198,199,186,109,-224.3270000000016,4.996999999999389,-341.2920000000022,-370.41699999999946
600,30.0,25.0,1.2,0.52,True,False,568,256,312,0.4507042253521127,-770.9790000000044,-1.357357394366205,0.8423122037520893,945.7929999999969,12,155,160,156,97,-198.19100000000276,37.55699999999865,-250.4880000000012,-359.85699999999906
600,30.0,25.0,1.2,0.54,True,False,458,206,252,0.4497816593886463,-689.3160000000028,-1.505056768558958,0.8273462815189662,901.0789999999974,11,122,122,132,82,-169.13900000000172,8.377999999998792,-190.07500000000027,-338.47999999999956
600,30.0,25.0,1.2,0.56,False,False,353,158,195,0.4475920679886686,-653.7320000000004,-1.851932011331446,0.795086067788492,878.8409999999976,11,91,91,104,67,-167.28500000000076,76.29999999999927,-214.26699999999937,-348.47999999999956
600,30.0,25.0,1.2,0.58,False,False,272,119,153,0.4375,-565.6579999999992,-2.079624999999997,0.7786724053604619,822.1809999999987,9,62,69,84,57,-63.06000000000017,148.72699999999986,-247.74499999999898,-403.5799999999999
600,30.0,25.0,1.2,0.6,False,False,206,91,115,0.441747572815534,-420.657999999999,-2.0420291262135875,0.7847738518377916,564.9539999999988,7,43,57,62,44,-65.43899999999985,99.14899999999943,-134.887999999999,-319.47999999999956
600,30.0,25.0,1.2,0.62,False,False,158,65,93,0.41139240506329117,-488.9539999999997,-3.0946455696202513,0.6928804369673579,552.4139999999993,7,33,41,48,36,-30.63099999999963,7.977999999999383,-254.97099999999955,-211.32999999999993
600,30.0,25.0,1.2,0.64,False,False,115,47,68,0.40869565217391307,-426.45399999999927,-3.7082956521739066,0.648490613316101,436.47399999999925,7,21,29,35,30,-76.59099999999944,-31.515000000000782,-189.98799999999937,-128.35999999999967
600,30.0,25.0,1.2,0.66,False,False,79,29,50,0.3670886075949367,-403.7259999999992,-5.110455696202521,0.5515202008420264,405.2259999999992,6,13,21,26,19,-90.67899999999963,3.4140000000002146,-171.46099999999979,-145.0
600,30.0,25.0,1.2,0.68,False,False,55,20,35,0.36363636363636365,-190.59799999999882,-3.46541818181816,0.6660762496430358,207.5279999999998,6,8,16,18,13,-61.97799999999984,46.081000000000586,-124.70099999999957,-50.0
600,30.0,25.0,1.2,0.7,False,False,31,14,17,0.45161290322580644,4.9150000000011005,0.15854838709680968,1.0170774164631198,73.34999999999945,4,5,9,8,9,-18.779999999999973,70.53200000000061,-41.836999999999534,-5.0
840,10.0,10.0,1.0,0.5,True,False,752,344,408,0.4574468085106383,-536.7399999999996,-0.7137499999999994,0.8520264959524669,576.7399999999996,12,200,211,205,136,-90.54500000000007,-146.74300000000017,-219.45199999999932,-80.0
840,10.0,10.0,1.0,0.52,True,False,637,285,352,0.4474097331240188,-502.61599999999953,-0.7890361067503917,0.8384594938665738,544.7579999999994,10,175,176,171,115,-106.10899999999992,-187.0550000000003,-159.45199999999932,-50.0
840,10.0,10.0,1.0,0.54,True,False,516,226,290,0.437984496124031,-488.6020000000003,-0.9469031007751945,0.8115290080587798,544.2410000000004,9,127,139,147,103,-85.68599999999992,-178.93100000000072,-153.98499999999967,-70.0
840,10.0,10.0,1.0,0.56,False,False,413,183,230,0.4430992736077482,-359.68899999999985,-0.8709176755447938,0.8249523312663094,379.68899999999985,11,94,103,129,87,-112.2639999999999,-93.3540000000005,-64.07099999999946,-90.0
840,10.0,10.0,1.0,0.58,False,False,326,144,182,0.44171779141104295,-322.2660000000003,-0.9885460122699395,0.8052381536587119,352.2660000000003,11,72,79,100,75,-73.72800000000007,-106.7640000000008,-31.773999999999432,-110.0
840,10.0,10.0,1.0,0.6,False,False,251,108,143,0.4302788844621514,-301.78599999999983,-1.202334661354581,0.7726609470188052,331.78599999999983,9,49,53,83,66,-72.29100000000017,-77.45800000000031,-32.03699999999935,-120.0
840,10.0,10.0,1.0,0.62,False,False,185,84,101,0.4540540540540541,-156.07399999999961,-0.8436432432432411,0.836536296349052,190.0,6,33,39,60,53,-35.822999999999865,-16.131000000000313,25.880000000000564,-130.0
840,10.0,10.0,1.0,0.64,False,False,146,65,81,0.4452054794520548,-150.19299999999953,-1.0287191780821885,0.803845947897907,180.0,7,21,27,52,46,-44.95199999999954,23.868999999999687,-9.109999999999673,-120.0
840,10.0,10.0,1.0,0.66,False,False,109,45,64,0.41284403669724773,-162.90899999999988,-1.4945779816513751,0.7265200465343495,181.26199999999994,6,13,21,41,34,-27.667999999999893,3.868999999999687,-59.10999999999967,-80.0
840,10.0,10.0,1.0,0.68,False,False,82,32,50,0.3902439024390244,-165.92500000000018,-2.0234756097560997,0.6585378402016769,185.92500000000018,5,8,13,30,31,-32.67399999999998,16.748999999999796,-80.0,-70.0
840,10.0,10.0,1.0,0.7,False,False,64,26,38,0.40625,-113.2510000000002,-1.7695468750000032,0.6965821926799924,140.0,6,2,10,22,30,-20.0,26.748999999999796,-60.0,-60.0
840,15.0,15.0,1.0,0.5,True,False,724,350,374,0.48342541436464087,-216.98099999999909,-0.2996975138121534,0.9516582235670981,339.59099999999944,7,180,189,222,133,-101.05400000000122,50.66500000000224,-271.5920000000001,105.0
840,15.0,15.0,1.0,0.52,True,False,615,298,317,0.4845528455284553,-167.62299999999914,-0.27255772357723435,0.9562508808652579,320.64899999999943,7,144,160,191,120,-195.11900000000105,145.03400000000192,-267.538,150.0
840,15.0,15.0,1.0,0.54,True,False,506,242,264,0.4782608695652174,-266.5929999999994,-0.5268636363636352,0.9181715998271308,345.3049999999989,8,115,126,161,104,-173.59300000000098,145.0110000000011,-298.0109999999995,60.0
840,15.0,15.0,1.0,0.56,False,False,415,201,214,0.4843373493975904,-156.06599999999958,-0.3760626506024086,0.9417411361721526,291.0659999999996,7,87,100,135,93,-150.9490000000012,58.904000000000906,-199.02099999999928,135.0
840,15.0,15.0,1.0,0.58,False,False,327,157,170,0.4801223241590214,-204.68499999999926,-0.6259480122324137,0.9052471554703991,254.61699999999973,7,60,77,115,75,-116.39400000000091,71.04300000000103,-144.33399999999938,-15.0
840,15.0,15.0,1.0,0.6,False,False,266,130,136,0.48872180451127817,-84.69299999999976,-0.31839473684210434,0.952191822037271,208.81699999999955,7,41,59,94,72,-48.64000000000078,62.11100000000033,-98.1639999999993,0.0
840,15.0,15.0,1.0,0.62,False,False,209,101,108,0.48325358851674644,-103.66799999999989,-0.49601913875598036,0.9270221183493602,185.1569999999997,6,28,42,75,64,-11.269000000000233,12.10499999999979,-74.50399999999945,-30.0
840,15.0,15.0,1.0,0.64,False,False,167,82,85,0.49101796407185627,-75.65900000000033,-0.4530479041916188,0.9338405103249865,133.84699999999975,5,22,35,59,51,-19.16700000000037,-4.7650000000001,-36.72699999999986,-15.0
840,15.0,15.0,1.0,0.66,False,False,123,60,63,0.4878048780487805,-43.28300000000013,-0.3518943089430905,0.9481670514748851,144.6569999999997,6,13,27,43,40,22.141999999999825,-37.248000000000275,-28.17699999999968,0.0
840,15.0,15.0,1.0,0.68,False,False,93,41,52,0.44086021505376344,-118.3680000000004,-1.2727741935483914,0.8286798559016492,178.87400000000025,13,8,21,31,33,-27.59400000000005,-46.03700000000026,-29.73700000000008,-15.0
840,15.0,15.0,1.0,0.7,False,False,63,31,32,0.49206349206349204,3.6970000000001164,0.05868253968254153,1.00836792619385,98.54599999999982,7,2,13,24,24,-12.73700000000008,-13.565999999999804,30.0,0.0
840,20.0,20.0,1.0,0.5,True,False,710,337,373,0.47464788732394364,-168.2810000000011,-0.23701549295774801,0.9671413131876231,419.84599999999955,7,177,177,210,146,-204.57000000000153,172.66899999999964,-184.32999999999902,47.94999999999982
840,20.0,20.0,1.0,0.52,True,False,619,300,319,0.48465266558966075,-58.926000000001295,-0.09519547657512326,0.9866598689938733,412.2989999999995,7,148,154,180,137,-152.03300000000218,282.2429999999995,-137.08599999999842,-52.05000000000018
840,20.0,20.0,1.0,0.54,True,False,497,245,252,0.49295774647887325,55.7550000000017,0.11218309859155272,1.0154658992939865,426.9869999999996,10,106,120,149,122,-16.294000000001006,266.41800000000103,-162.31899999999814,-32.05000000000018
840,20.0,20.0,1.0,0.56,False,False,410,193,217,0.47073170731707314,-251.59400000000028,-0.6136439024390251,0.9211468455635424,615.1900000000005,11,83,92,130,105,60.50999999999863,153.86800000000085,-355.09199999999964,-110.88000000000011
840,20.0,20.0,1.0,0.58,False,False,316,155,161,0.49050632911392406,-41.672000000000935,-0.13187341772152195,0.9829844225311853,444.8730000000005,9,58,61,109,88,93.9759999999992,144.8859999999995,-211.45399999999972,-69.07999999999993
840,20.0,20.0,1.0,0.6,False,False,242,120,122,0.49586776859504134,-11.56200000000058,-0.04777685950413463,0.9937816878721397,237.67200000000003,8,39,44,85,74,27.9399999999996,28.611999999999398,-79.03399999999965,10.920000000000073
840,20.0,20.0,1.0,0.62,False,False,198,91,107,0.4595959595959596,-276.68000000000075,-1.3973737373737412,0.8305718902918081,417.672,7,30,37,73,58,31.39099999999985,5.025999999999158,-164.01699999999983,-149.07999999999993
840,20.0,20.0,1.0,0.64,False,False,158,67,91,0.4240506329113924,-356.2539999999999,-2.2547721518987336,0.7414130123140464,473.41899999999896,7,23,31,58,46,16.425999999999704,-9.693000000000438,-213.90699999999924,-149.07999999999993
840,20.0,20.0,1.0,0.66,False,False,119,51,68,0.42857142857142855,-275.9400000000003,-2.318823529411767,0.7389055682924589,426.06299999999965,6,15,21,47,36,6.587999999999738,32.1449999999993,-205.5929999999994,-109.07999999999993
840,20.0,20.0,1.0,0.68,False,False,95,41,54,0.43157894736842106,-199.10699999999997,-2.0958631578947364,0.7567309008093211,297.4269999999999,6,11,17,37,30,8.339999999999918,-12.77400000000057,-125.59299999999939,-69.07999999999993
840,20.0,20.0,1.0,0.7,False,False,67,26,41,0.3880597014925373,-292.6520000000005,-4.36794029850747,0.5429283621438254,360.82699999999977,11,8,13,27,19,4.210999999999785,-2.036000000000513,-125.74699999999984,-169.07999999999993
840,20.0,15.0,1.3333333333333333,0.5,True,False,579,252,327,0.43523316062176165,-369.175999999999,-0.6376096718480121,0.9027550915312673,435.8580000000002,9,167,161,164,87,-174.6870000000008,-6.3649999999984175,-108.1239999999998,-80.0
840,20.0,15.0,1.3333333333333333,0.52,True,False,474,212,262,0.4472573839662447,-226.13899999999762,-0.47708649789029034,0.926540944817434,351.2869999999998,8,127,138,139,70,-163.84700000000043,39.89800000000196,-102.18999999999915,0.0
840,20.0,15.0,1.3333333333333333,0.54,False,False,384,176,208,0.4583333333333333,-49.66199999999844,-0.12932812499999594,0.9794470885237767,206.2869999999998,7,99,114,111,60,-151.76200000000063,36.35300000000143,20.747000000000753,45.0
840,20.0,15.0,1.3333333333333333,0.56,False,False,291,135,156,0.4639175257731959,-13.645999999998594,-0.046893470790373176,0.9926068594864468,208.31399999999985,9,67,88,90,46,-64.46800000000098,59.88700000000108,-19.06499999999869,10.0
840,20.0,15.0,1.3333333333333333,0.58,False,False,219,103,116,0.4703196347031963,-39.41399999999885,-0.17997260273972077,0.9723345682426626,145.51699999999983,9,49,63,66,41,-26.446000000000822,29.200000000000728,-22.167999999998756,-20.0
840,20.0,15.0,1.3333333333333333,0.6,False,False,156,72,84,0.46153846153846156,-78.11999999999944,-0.5007692307692272,0.9249561956287854,148.38299999999936,7,32,42,51,31,-21.395000000000664,-28.463999999999714,-53.26099999999906,25.0
840,20.0,15.0,1.3333333333333333,0.62,False,False,114,48,66,0.42105263157894735,-201.5269999999996,-1.7677807017543823,0.7512291828942678,266.5269999999996,8,23,31,39,21,-35.566000000000486,-39.667000000000144,-91.29399999999896,-35.0
840,20.0,15.0,1.3333333333333333,0.64,False,False,84,36,48,0.42857142857142855,-149.65300000000002,-1.7815833333333335,0.757888095257355,230.89799999999877,7,16,23,28,17,-19.541000000000395,-18.16500000000042,-66.9469999999992,-45.0
840,20.0,15.0,1.3333333333333333,0.66,False,False,66,29,37,0.4393939393939394,-98.55700000000047,-1.4932878787878858,0.7990457645607553,203.24799999999914,5,11,18,24,13,-21.115000000000464,-15.4950000000008,-76.9469999999992,15.0
840,20.0,15.0,1.3333333333333333,0.68,False,False,50,19,31,0.38,-148.27300000000037,-2.9654600000000073,0.6297294260135594,188.27300000000037,5,8,14,19,9,-15.251000000000431,-50.08500000000049,-52.93699999999944,-30.0
840,20.0,15.0,1.3333333333333333,0.7,False,False,33,8,25,0.24242424242424243,-222.6550000000011,-6.747121212121246,0.3417792992538446,242.6550000000011,9,2,12,14,5,-28.26000000000022,-42.035000000000764,-112.36000000000013,-40.0
840,25.0,20.0,1.25,0.5,True,False,686,314,372,0.4577259475218659,-70.72399999999948,-0.10309620991253568,0.986188766157517,369.491,11,184,178,190,134,-127.01600000000167,183.10400000000118,-160.24199999999928,33.43000000000029
840,25.0,20.0,1.25,0.52,True,False,583,267,316,0.45797598627787306,-132.36700000000064,-0.22704459691252254,0.9701153577399408,370.4340000000002,8,143,152,169,119,-212.3690000000015,204.68700000000035,-169.28499999999985,44.600000000000364
840,25.0,20.0,1.25,0.54,True,False,468,223,245,0.47649572649572647,234.96599999999899,0.5020641025641004,1.0680051239869384,269.2750000000001,7,107,120,140,101,-81.49400000000128,328.5330000000006,-36.51299999999992,24.4399999999996
840,25.0,20.0,1.25,0.56,False,False,370,171,199,0.46216216216216216,28.886999999999944,0.07807297297297282,1.0100551471931947,356.5980000000004,9,79,89,117,85,-59.4500000000005,264.3320000000008,-97.23500000000013,-78.76000000000022
840,25.0,20.0,1.25,0.58,False,False,289,133,156,0.4602076124567474,-107.20499999999856,-0.37095155709342065,0.9543859171385652,443.5039999999999,7,50,74,97,68,17.49000000000001,193.78300000000058,-299.22799999999916,-19.25
840,25.0,20.0,1.25,0.6,False,False,211,96,115,0.4549763033175355,-214.49099999999999,-1.0165450236966824,0.8805814507652017,452.2379999999989,8,40,45,68,58,61.808999999999514,41.514999999999645,-273.56499999999915,-44.25
840,25.0,20.0,1.25,0.62,False,False,157,69,88,0.4394904458598726,-191.3890000000008,-1.2190382165605147,0.8583012197604896,345.83200000000056,5,30,32,49,46,8.640999999999622,-82.28900000000135,-178.49099999999908,60.75
840,25.0,20.0,1.25,0.64,False,False,126,54,72,0.42857142857142855,-261.14300000000003,-2.0725634920634923,0.7699592055341644,372.7059999999999,9,23,24,41,38,36.582999999999856,-87.75200000000063,-180.89399999999932,-29.079999999999927
840,25.0,20.0,1.25,0.66,False,False,94,39,55,0.4148936170212766,-291.71799999999985,-3.1033829787234026,0.6599781569552151,341.4589999999996,7,18,19,32,25,19.76099999999974,-77.19500000000039,-150.20399999999927,-84.07999999999993
840,25.0,20.0,1.25,0.68,False,False,62,26,36,0.41935483870967744,-217.29899999999975,-3.504822580645157,0.6276212721256195,260.0399999999995,13,10,14,20,18,15.376999999999953,-37.816000000000486,-70.77999999999929,-124.07999999999993
840,25.0,20.0,1.25,0.7,False,False,40,20,20,0.5,-58.03099999999995,-1.4507749999999988,0.8054165884278017,160.0399999999995,8,7,9,16,8,-5.6720000000000255,-2.4990000000007058,9.22000000000071,-59.07999999999993
840,30.0,25.0,1.2,0.5,True,False,653,307,346,0.47013782542113325,114.6929999999968,0.17564012251148056,1.0221940903611968,434.8150000000019,8,175,172,179,127,-193.85300000000188,143.4510000000007,-39.28500000000122,204.3799999999992
840,30.0,25.0,1.2,0.52,True,False,555,269,286,0.4846846846846847,400.11999999999944,0.720936936936936,1.0939452815458752,410.2060000000015,8,146,137,157,115,-137.4920000000011,298.23800000000165,-76.8060000000005,316.1799999999994
840,30.0,25.0,1.2,0.54,True,False,448,213,235,0.47544642857142855,326.34399999999846,0.7284464285714252,1.0937438240255168,438.9070000000015,9,106,116,130,96,-108.25000000000182,351.4890000000016,-189.2450000000008,272.34999999999945
840,30.0,25.0,1.2,0.56,False,False,349,164,185,0.4699140401146132,85.00399999999831,0.24356446991403527,1.0302214631263942,431.2700000000009,10,79,84,106,80,-59.48700000000099,205.68200000000047,-268.38099999999986,207.1899999999987
840,30.0,25.0,1.2,0.58,False,False,274,123,151,0.4489051094890511,-276.66700000000355,-1.0097335766423488,0.8868724957791893,433.4450000000015,10,58,64,81,71,26.44199999999887,59.97899999999913,-368.6380000000004,5.549999999998818
840,30.0,25.0,1.2,0.6,False,False,217,103,114,0.47465437788018433,-79.97200000000225,-0.36853456221199193,0.9581857339378296,345.2020000000002,8,39,50,64,64,-13.942000000000462,60.730999999999085,-252.3109999999997,125.54999999999882
840,30.0,25.0,1.2,0.62,False,False,162,78,84,0.48148148148148145,-12.259000000003425,-0.07567283950619398,0.9915551850984367,276.8720000000003,7,28,33,50,51,11.970999999999549,8.436999999998307,-174.57700000000023,141.90999999999894
840,30.0,25.0,1.2,0.64,False,False,124,57,67,0.4596774193548387,-254.87300000000232,-2.0554274193548574,0.7884550101799674,328.35700000000134,5,24,21,37,42,25.392999999999574,-84.11100000000124,-107.57499999999982,-88.58000000000084
840,30.0,25.0,1.2,0.66,False,False,88,41,47,0.4659090909090909,-161.86600000000135,-1.839386363636379,0.7937500398188069,209.02299999999968,4,19,17,27,25,7.607999999999947,-42.92000000000121,-19.73399999999947,-106.82000000000062
840,30.0,25.0,1.2,0.68,False,False,58,30,28,0.5172413793103449,0.301999999998543,0.005206896551699017,1.0006697478022482,94.02299999999968,4,12,10,20,16,7.120999999999867,-17.309000000001106,57.3100000000004,-46.82000000000062
840,30.0,25.0,1.2,0.7,False,False,34,19,15,0.5588235294117647,94.44099999999867,2.777676470588196,1.4549224944363548,59.07999999999993,3,8,6,12,8,7.571999999999889,-9.928000000000793,87.88699999999972,8.909999999999854
