date,side,entry_time,entry_price,start_balance,lot,risk_pct_nominal,mode,leg1_lot,runner_lot,leg1_points,runner_points,outcome,result,exit_time,pnl_eur,end_balance,leg1_exit_time,runner_exit_time
2026-01-02,LONG,2026-01-02T10:01:00+02:00,4383.935,300.0,0.01,6.6667,FULL_001_FALLBACK_TP25,,,,,SL,SL20,2026-01-02T15:57:00+02:00,-20.0,280.0,,
2026-01-08,SHORT,2026-01-08T14:06:00+02:00,4413.835,280.0,0.01,7.1429,FULL_001_FALLBACK_TP25,,,,,SL,SL20,2026-01-08T15:25:00+02:00,-20.0,260.0,,
2026-01-09,LONG,2026-01-09T15:34:00+02:00,4485.035,260.0,0.01,7.6923,FULL_001_FALLBACK_TP25,,,,,TP,TP25,2026-01-09T17:24:00+02:00,25.0,285.0,,
2026-01-16,SHORT,2026-01-16T15:17:00+02:00,4586.325,285.0,0.01,7.0175,FULL_001_FALLBACK_TP25,,,,,SL,SL20,2026-01-16T16:06:00+02:00,-20.0,265.0,,
2026-01-22,LONG,2026-01-22T10:03:00+02:00,4835.645,265.0,0.01,7.5472,FULL_001_FALLBACK_TP25,,,,,SL,SL20,2026-01-22T11:42:00+02:00,-20.0,245.0,,
2026-01-23,SHORT,2026-01-23T10:23:00+02:00,4927.895,245.0,0.01,8.1633,FULL_001_FALLBACK_TP25,,,,,TP,TP25,2026-01-23T10:28:00+02:00,25.0,270.0,,
2026-01-30,SHORT,2026-01-30T10:34:00+02:00,5067.602,270.0,0.01,7.4074,FULL_001_FALLBACK_TP25,,,,,SL,SL20,2026-01-30T10:34:00+02:00,-20.0,250.0,,
2026-02-06,LONG,2026-02-06T15:01:00+02:00,4908.051,250.0,0.01,8.0,FULL_001_FALLBACK_TP25,,,,,TP,TP25,2026-02-06T15:38:00+02:00,25.0,275.0,,
2026-02-19,LONG,2026-02-19T10:46:00+02:00,5021.785,275.0,0.01,7.2727,FULL_001_FALLBACK_TP25,,,,,SL,SL20,2026-02-19T11:29:00+02:00,-20.0,255.0,,
2026-02-20,LONG,2026-02-20T10:55:00+02:00,5031.015,255.0,0.01,7.8431,FULL_001_FALLBACK_TP25,,,,,SL,SL20,2026-02-20T14:30:00+02:00,-20.0,235.0,,
2026-02-27,LONG,2026-02-27T15:08:00+02:00,5210.145,235.0,0.01,8.5106,FULL_001_FALLBACK_TP25,,,,,TP,TP25,2026-02-27T15:24:00+02:00,25.0,260.0,,
2026-03-05,SHORT,2026-03-05T15:21:00+02:00,5116.748,260.0,0.01,7.6923,FULL_001_FALLBACK_TP25,,,,,TP,TP25,2026-03-05T15:23:00+02:00,25.0,285.0,,
2026-03-06,SHORT,2026-03-06T13:57:00+02:00,5065.785,285.0,0.01,7.0175,FULL_001_FALLBACK_TP25,,,,,SL,SL20,2026-03-06T14:04:00+02:00,-20.0,265.0,,
2026-03-12,LONG,2026-03-12T10:01:00+02:00,5185.675,265.0,0.01,7.5472,FULL_001_FALLBACK_TP25,,,,,SL,SL20,2026-03-12T14:15:00+02:00,-20.0,245.0,,
2026-03-13,SHORT,2026-03-13T10:01:00+02:00,5080.295,245.0,0.01,8.1633,FULL_001_FALLBACK_TP25,,,,,SL,SL20,2026-03-13T13:57:00+02:00,-20.0,225.0,,
2026-03-19,SHORT,2026-03-19T10:01:00+02:00,4731.075,225.0,0.01,8.8889,FULL_001_FALLBACK_TP25,,,,,TP,TP25,2026-03-19T10:14:00+02:00,25.0,250.0,,
2026-03-20,SHORT,2026-03-20T15:52:00+02:00,4630.655,250.0,0.01,8.0,FULL_001_FALLBACK_TP25,,,,,TP,TP25,2026-03-20T16:08:00+02:00,25.0,275.0,,
2026-03-26,SHORT,2026-03-26T10:44:00+02:00,4413.365,275.0,0.01,7.2727,FULL_001_FALLBACK_TP25,,,,,SL,SL20,2026-03-26T10:47:00+02:00,-20.0,255.0,,
2026-04-09,LONG,2026-04-09T13:25:00+03:00,4738.775,255.0,0.01,7.8431,FULL_001_FALLBACK_TP25,,,,,TP,TP25,2026-04-09T16:35:00+03:00,25.0,280.0,,
2026-04-10,SHORT,2026-04-10T11:48:00+03:00,4736.445,280.0,0.01,7.1429,FULL_001_FALLBACK_TP25,,,,,SL,SL20,2026-04-10T12:19:00+03:00,-20.0,260.0,,
2026-04-17,LONG,2026-04-17T14:48:00+03:00,4807.245,260.0,0.01,7.6923,FULL_001_FALLBACK_TP25,,,,,TP,TP25,2026-04-17T15:48:00+03:00,25.0,285.0,,
2026-04-23,SHORT,2026-04-23T13:10:00+03:00,4691.115,285.0,0.01,7.0175,FULL_001_FALLBACK_TP25,,,,,SL,SL20,2026-04-23T14:47:00+03:00,-20.0,265.0,,
2026-04-24,LONG,2026-04-24T14:27:00+03:00,4713.335,265.0,0.01,7.5472,FULL_001_FALLBACK_TP25,,,,,SL,SL20,2026-04-24T15:49:00+03:00,-20.0,245.0,,
2026-04-30,LONG,2026-04-30T10:01:00+03:00,4589.215,245.0,0.01,8.1633,FULL_001_FALLBACK_TP25,,,,,TP,TP25,2026-04-30T11:04:00+03:00,25.0,270.0,,
2026-05-01,SHORT,2026-05-01T10:01:00+03:00,4595.115,270.0,0.01,7.4074,FULL_001_FALLBACK_TP25,,,,,TP,TP25,2026-05-01T11:22:00+03:00,25.0,295.0,,
2026-05-07,LONG,2026-05-07T10:01:00+03:00,4740.505,295.0,0.01,6.7797,FULL_001_FALLBACK_TP25,,,,,TIME,TIME +21.55,2026-05-07T18:00:00+03:00,21.55,316.55,,
2026-05-14,LONG,2026-05-14T10:36:00+03:00,4713.195,316.55,0.01,6.3181,FULL_001_FALLBACK_TP25,,,,,SL,SL20,2026-05-14T10:58:00+03:00,-20.0,296.55,,
2026-05-15,SHORT,2026-05-15T11:18:00+03:00,4555.875,296.55,0.01,6.7442,FULL_001_FALLBACK_TP25,,,,,TP,TP25,2026-05-15T16:37:00+03:00,25.0,321.55,,
2026-05-21,SHORT,2026-05-21T10:25:00+03:00,4517.985,321.55,0.01,6.2199,FULL_001_FALLBACK_TP25,,,,,SL,SL20,2026-05-21T12:11:00+03:00,-20.0,301.55,,
2026-05-29,LONG,2026-05-29T10:01:00+03:00,4522.605,301.55,0.01,6.6324,FULL_001_FALLBACK_TP25,,,,,TP,TP25,2026-05-29T17:02:00+03:00,25.0,326.55,,
2026-06-04,LONG,2026-06-04T14:27:00+03:00,4486.645,326.55,0.01,6.1246,FULL_001_FALLBACK_TP25,,,,,TP,TP25,2026-06-04T14:57:00+03:00,25.0,351.55,,
2026-06-05,SHORT,2026-06-05T15:52:00+03:00,4427.635,351.55,0.01,5.6891,FULL_001_FALLBACK_TP25,,,,,TP,TP25,2026-06-05T16:00:00+03:00,25.0,376.55,,
2026-06-18,SHORT,2026-06-18T14:01:00+03:00,4253.455,376.55,0.01,5.3114,FULL_001_FALLBACK_TP25,,,,,SL,SL20,2026-06-18T16:31:00+03:00,-20.0,356.55,,
2026-06-26,LONG,2026-06-26T10:28:00+03:00,4037.745,356.55,0.01,5.6093,FULL_001_FALLBACK_TP25,,,,,TP,TP25,2026-06-26T16:00:00+03:00,25.0,381.55,,
2026-07-02,LONG,2026-07-02T10:43:00+03:00,4075.275,381.55,0.01,5.2418,FULL_001_FALLBACK_TP25,,,,,TP,TP25,2026-07-02T15:30:00+03:00,25.0,406.55,,
2026-07-09,LONG,2026-07-09T10:01:00+03:00,4108.055,406.55,0.02,9.8389,SPLIT_50_50,0.01,0.01,4.0,25.0,TP2,TP4(0.01) + TP25(0.01),2026-07-09T17:04:00+03:00,29.0,435.55,2026-07-09T11:17:00+03:00,2026-07-09T17:04:00+03:00
2026-07-10,SHORT,2026-07-10T10:44:00+03:00,4107.035,435.55,0.02,9.1838,SPLIT_50_50,0.01,0.01,4.0,25.0,TP2,TP4(0.01) + TP25(0.01),2026-07-10T17:33:00+03:00,29.0,464.55,2026-07-10T11:34:00+03:00,2026-07-10T17:33:00+03:00
2026-07-16,SHORT,2026-07-16T10:31:00+03:00,4023.385,464.55,0.02,8.6105,SPLIT_50_50,0.01,0.01,-20.0,-20.0,SL,SL20 full,2026-07-16T15:04:00+03:00,-40.0,424.55,2026-07-16T15:04:00+03:00,2026-07-16T15:04:00+03:00
2026-07-17,SHORT,2026-07-17T15:44:00+03:00,3966.255,424.55,0.02,9.4217,SPLIT_50_50,0.01,0.01,4.0,-20.0,TP1_STOP,TP4(0.01) + SL20(0.01),2026-07-17T16:38:00+03:00,-16.0,408.55,2026-07-17T16:00:00+03:00,2026-07-17T16:38:00+03:00
2026-07-23,SHORT,2026-07-23T10:09:00+03:00,4111.905,408.55,0.02,9.7907,SPLIT_50_50,0.01,0.01,4.0,25.0,TP2,TP4(0.01) + TP25(0.01),2026-07-23T13:21:00+03:00,29.0,437.55,2026-07-23T10:10:00+03:00,2026-07-23T13:21:00+03:00
2026-07-24,LONG,2026-07-24T10:35:00+03:00,4053.995,437.55,0.02,9.1418,SPLIT_50_50,0.01,0.01,4.0,25.0,TP2,TP4(0.01) + TP25(0.01),2026-07-24T18:15:00+03:00,29.0,466.55,2026-07-24T11:59:00+03:00,2026-07-24T18:15:00+03:00
2026-07-31,SHORT,2026-07-31T10:31:00+03:00,4071.465,466.55,0.02,8.5736,SPLIT_50_50,0.01,0.01,4.0,25.0,TP2,TP4(0.01) + TP25(0.01),2026-07-31T15:30:00+03:00,29.0,495.55,2026-07-31T11:00:00+03:00,2026-07-31T15:30:00+03:00
2026-08-07,LONG,2026-08-07T10:01:00+03:00,4295.675,495.55,0.02,8.0718,SPLIT_50_50,0.01,0.01,4.0,25.0,TP2,TP4(0.01) + TP25(0.01),2026-08-07T14:03:00+03:00,29.0,524.55,2026-08-07T11:13:00+03:00,2026-08-07T14:03:00+03:00
2026-08-13,SHORT,2026-08-13T10:01:00+03:00,4379.695,524.55,0.02,7.6256,SPLIT_50_50,0.01,0.01,4.0,-20.0,TP1_STOP,TP4(0.01) + SL20(0.01),2026-08-13T15:30:00+03:00,-16.0,508.55,2026-08-13T10:13:00+03:00,2026-08-13T15:30:00+03:00
2026-08-14,LONG,2026-08-14T14:51:00+03:00,4365.315,508.55,0.02,7.8655,SPLIT_50_50,0.01,0.01,4.0,25.0,TP2,TP4(0.01) + TP25(0.01),2026-08-14T16:34:00+03:00,29.0,537.55,2026-08-14T15:00:00+03:00,2026-08-14T16:34:00+03:00
2026-08-20,SHORT,2026-08-20T14:44:00+03:00,4476.905,537.55,0.02,7.4412,SPLIT_50_50,0.01,0.01,4.0,25.0,TP2,TP4(0.01) + TP25(0.01),2026-08-20T15:06:00+03:00,29.0,566.55,2026-08-20T14:45:00+03:00,2026-08-20T15:06:00+03:00
