tp1,tp2,sl,first_frac,runner_stop,fallback_001,train_final,train_multiple,train_dd,train_wr,train_trades,train_pos_years,train_score,oos_final,oos_multiple,oos_dd,oos_wr,oos_trades,oos_pos_years,full_final,full_dd,ret_2023,ret_2024,ret_2025,ret_2026,growth_dd
4.0,25.0,20.0,0.3,ORIG,TP2,802.029000000003,2.67343000000001,0.32575253100980767,0.5474137931034483,464,4,0.9435963752943317,2458.8869999999974,8.196289999999992,0.4479684398564036,0.5792880258899676,309,4,6825.105999999997,0.47266819865924947,0.6256600000000019,0.7100398197245095,0.43970200831430617,1.0479000772058034,3.496851998060399
4.0,25.0,20.0,0.5,ORIG,TP2,810.788000000003,2.7026266666666765,0.32575253100980767,0.5474137931034483,464,4,0.9544582227515472,2159.2659999999996,7.197553333333332,0.3559785495417572,0.5889967637540453,309,4,5556.805999999999,0.370430998689345,0.6256600000000019,0.767782521150391,0.5468599213124401,0.6191062494751121,3.4805499572088436
6.0,25.0,25.0,0.5,ORIG,TP2,726.002000000002,2.4200066666666733,0.2471318240899664,0.5344827586206896,464,4,0.9501423324642853,2068.056999999997,6.893523333333324,0.37248243968448735,0.5857605177993528,309,4,3556.527999999998,0.445424344287637,0.31165333333333445,0.9052671437575026,0.45927052279865577,0.8902989569822592,3.2555819789721405
5.0,25.0,20.0,0.7,ORIG,TP2,785.5530000000022,2.618510000000007,0.3045081128489984,0.5625,464,4,0.9515195013643002,1905.1319999999992,6.350439999999997,0.40659910752485906,0.5792880258899676,309,4,5093.5459999999985,0.34731962401120386,0.2718900000000024,0.9443898450337722,0.5393030198877158,0.6681949367443305,2.860819740351158
5.0,30.0,20.0,0.7,ORIG,TP2,851.3290000000027,2.837763333333342,0.2889023562013251,0.5689655172413793,464,4,1.0529980023286178,1878.9449999999956,6.263149999999985,0.42731213334101675,0.5825242718446602,309,4,4866.48599999999,0.4159746515813653,0.46727000000000163,0.7448049779522552,0.5883429032719978,0.5402514150808071,2.744664575198818
5.0,25.0,20.0,0.3,ORIG,TP2,804.5210000000034,2.6817366666666778,0.334197723709911,0.5495689655172413,464,4,0.9352976675968498,1820.9179999999978,6.06972666666666,0.41151600707807623,0.5631067961165048,309,4,7040.074999999997,0.461640318335711,0.2718900000000024,0.7130648090636817,0.4882880567399215,0.8717971912526317,2.7163106851980343
5.0,25.0,20.0,0.5,ORIG,TP2,817.8460000000034,2.7261533333333445,0.334197723709911,0.5495689655172413,464,4,0.9517246531555881,1807.1209999999987,6.023736666666663,0.40659910752485906,0.5663430420711975,309,4,5671.647999999998,0.40326337047179583,0.2718900000000024,0.7130648090636817,0.5130765900353151,0.8271816270837542,2.7136426399866904
4.0,30.0,20.0,0.7,ORIG,TP2,771.9660000000019,2.5732200000000063,0.28681172635330393,0.5581896551724138,464,4,0.957962202370987,1753.8509999999956,5.846169999999986,0.41543309899240144,0.5825242718446602,309,4,3852.5249999999924,0.4037993215497244,0.7249366666666681,0.5669039056506451,0.5656927419981335,0.38149521358675087,2.602578386534265
4.0,25.0,25.0,0.7,ORIG,TP2,704.5360000000012,2.3484533333333375,0.22526792826281108,0.5387931034482759,464,4,0.9496452522931489,1464.045,4.88015,0.3180779879263367,0.5954692556634305,309,4,2908.7759999999994,0.3699939709771198,0.31165333333333445,0.7906026999003863,0.24757484796230034,0.6655138873878728,2.497218905439032
5.0,20.0,25.0,0.3,ORIG,TP2,732.6800000000019,2.442266666666673,0.23692459142306171,0.5452586206896551,464,4,0.9730783714146845,1543.1219999999998,5.143739999999999,0.3539300530170216,0.5825242718446602,309,4,3955.5009999999984,0.3947083877061454,0.1705700000000001,0.8524365622446093,0.42673422267040517,0.6626284044554489,2.4947931667145973
4.0,20.0,25.0,0.3,ORIG,TP2,733.5980000000013,2.445326666666671,0.23805138947399973,0.5431034482758621,464,4,0.9728093442110876,1523.446,5.078153333333333,0.3539300530170216,0.5825242718446602,309,4,3858.980999999999,0.3896922587544464,0.1705700000000001,0.7812461735166105,0.47628061043416103,0.6497402122051534,2.462982622669294
5.0,20.0,20.0,0.7,ORIG,TP2,812.1860000000027,2.7072866666666755,0.31853946047106046,0.5689655172413793,464,4,0.965918631677796,1521.278999999999,5.070929999999997,0.3813892178707405,0.5889967637540453,309,4,4368.672999999999,0.36229209773343046,0.21770666666666716,0.7851097144358821,0.8651095960571746,0.25076483273985684,2.364987640522017
4.0,25.0,25.0,0.3,ORIG,TP2,704.5360000000012,2.3484533333333375,0.22526792826281108,0.5387931034482759,464,4,0.9496452522931489,1566.420999999998,5.221403333333327,0.4120801335631713,0.5760517799352751,309,3,4469.748999999993,0.41712815791304014,0.31165333333333445,0.7906026999003863,-0.00375251030734447,1.2315247075650566,2.3349025139351647
5.0,20.0,25.0,0.5,ORIG,TP2,732.6800000000019,2.442266666666673,0.23692459142306171,0.5452586206896551,464,4,0.9730783714146845,1433.1219999999998,4.777073333333333,0.3539300530170216,0.5825242718446602,309,4,3430.9589999999994,0.36245603813487787,0.1705700000000001,0.8524365622446093,0.42673422267040517,0.5441095028455312,2.316954182928088
5.0,30.0,25.0,0.3,ORIG,TP2,733.019000000002,2.4433966666666733,0.24264288385104305,0.540948275862069,464,4,0.9658212545687291,1698.8919999999925,5.6629733333333085,0.48711053288088535,0.5631067961165048,309,4,4481.507999999982,0.5699857784849957,0.37093000000000065,0.7340272661623914,0.18742121432646774,1.0061735975966908,2.3007762694210947
4.0,20.0,25.0,0.5,ORIG,TP2,733.5980000000013,2.445326666666671,0.23805138947399973,0.5431034482758621,464,4,0.9728093442110876,1404.446,4.681486666666666,0.3539300530170216,0.5825242718446602,309,4,3072.4969999999994,0.3711911912198347,0.1705700000000001,0.7812461735166105,0.47628061043416103,0.520875070117798,2.2705931765729797
5.0,30.0,25.0,0.5,ORIG,TP2,733.019000000002,2.4433966666666733,0.24264288385104305,0.540948275862069,464,4,0.9658212545687291,1582.731999999994,5.275773333333314,0.4693000678782179,0.5663430420711975,309,4,4086.115999999988,0.47847712045019053,0.37093000000000065,0.7340272661623914,0.2350256390841341,0.7969622449141798,2.191026573846246
5.0,30.0,25.0,0.7,ORIG,TP2,733.019000000002,2.4433966666666733,0.24264288385104305,0.540948275862069,464,4,0.9658212545687291,1477.8789999999976,4.926263333333325,0.4162683671350521,0.5825242718446602,309,4,3456.0389999999916,0.433272392821016,0.37093000000000065,0.7340272661623914,0.2102727404023399,0.7122342083280697,2.1906137309343396
6.0,20.0,20.0,0.5,ORIG,TP2,788.9670000000037,2.6298900000000125,0.3195328574326466,0.5387931034482759,464,4,0.9355726626858544,1533.789999999999,5.1126333333333305,0.4512969911366314,0.5728155339805825,309,4,4792.018999999997,0.472336761442065,0.17597333333333376,0.8245821900723425,1.292674515067616,0.03930098455742348,2.1719924121749217
6.0,25.0,25.0,0.3,ORIG,TP2,726.002000000002,2.4200066666666733,0.2471318240899664,0.5344827586206896,464,4,0.9501423324642853,1605.7469999999967,5.352489999999989,0.49480602994675116,0.5825242718446602,309,4,4477.362999999994,0.46486863575384874,0.31165333333333445,0.9052671437575026,0.22216709016092073,0.7524689586227744,2.1544240165889916
4.0,25.0,25.0,0.5,ORIG,TP2,704.5360000000012,2.3484533333333375,0.22526792826281108,0.5387931034482759,464,4,0.9496452522931489,1431.6909999999984,4.772303333333328,0.4120801335631713,0.5760517799352751,309,3,3211.751999999996,0.3744490445302723,0.31165333333333445,0.7906026999003863,-0.00375251030734447,1.0395882333667155,2.134074374052921
10.0,20.0,25.0,0.5,ORIG,TP2,728.7380000000026,2.4291266666666753,0.23991104949899647,0.5344827586206896,464,4,0.9636518794969686,1430.047,4.766823333333334,0.4145233983254786,0.5954692556634305,309,4,3110.0970000000016,0.4574116426234043,0.1705700000000001,0.8460408177212881,0.5657636562204924,0.4088480631931328,2.1246597695078577
4.0,30.0,25.0,0.7,ORIG,TP2,705.0760000000016,2.3502533333333386,0.22130269244050668,0.5366379310344828,464,4,0.9557644889696703,1342.438999999998,4.47479666666666,0.37701003786237514,0.5825242718446602,309,4,2431.453999999995,0.4569857524147486,0.37093000000000065,0.7069896590878755,0.22273374080726005,0.5638505205499866,2.099827983723005
4.0,30.0,20.0,0.3,ORIG,TP2,794.1030000000032,2.647010000000011,0.3099757927389381,0.5474137931034483,464,4,0.9549633809019961,1684.0979999999909,5.613659999999969,0.5775155214585556,0.56957928802589,309,4,4097.185999999984,0.5959982753482358,0.7249366666666681,0.500514994753436,0.2787422342650334,0.6960927680556948,2.054369383192041
4.0,20.0,25.0,0.7,ORIG,TP2,733.5980000000013,2.445326666666671,0.23805138947399973,0.5431034482758621,464,4,0.9728093442110876,1267.929,4.226430000000001,0.3539300530170216,0.5889967637540453,309,4,2698.9599999999996,0.37149357728587,0.1705700000000001,0.7812461735166105,0.47865143032538815,0.3708392752308556,2.0498836806676812
5.0,20.0,25.0,0.7,ORIG,TP2,732.6800000000019,2.442266666666673,0.23692459142306171,0.5452586206896551,464,4,0.9730783714146845,1271.929,4.239763333333333,0.3740310896512954,0.5922330097087378,309,4,3311.7159999999985,0.37064097544513797,0.1705700000000001,0.8524365622446093,0.41721417569274766,0.3796387791250735,1.997915640825429
6.0,20.0,25.0,0.3,ORIG,TP2,735.1670000000022,2.450556666666674,0.256644982856669,0.5387931034482759,464,4,0.9498444827760055,1305.9689999999996,4.353229999999999,0.40892344220466187,0.5857605177993528,309,4,3791.0419999999976,0.4538110342997567,0.1705700000000001,0.9236269509726078,0.3781475658823801,0.40280610847407394,1.9549524025764686
4.0,30.0,20.0,0.5,ORIG,TP2,783.6180000000031,2.6120600000000103,0.3099757927389381,0.5474137931034483,464,4,0.9416718618563171,1483.0459999999948,4.943486666666649,0.51752782621951,0.5728155339805825,309,4,4065.307999999988,0.5010247936770575,0.7249366666666681,0.500514994753436,0.40890264884968053,0.35562287247851065,1.9366601358967583
6.0,20.0,25.0,0.5,ORIG,TP2,735.1670000000022,2.450556666666674,0.256644982856669,0.5387931034482759,464,4,0.9498444827760055,1267.9689999999996,4.226563333333332,0.39704188940452645,0.5857605177993528,309,4,2944.017999999999,0.4525175860014506,0.1705700000000001,0.9236269509726078,0.4329200233301018,0.30992728072903164,1.9289461095945455
6.0,30.0,25.0,0.5,ORIG,TP2,734.3700000000024,2.447900000000008,0.2632746419007943,0.5344827586206896,464,4,0.9398097475764374,1448.753999999994,4.82917999999998,0.5120623643645663,0.5728155339805825,309,4,3544.6539999999877,0.5145373839058448,0.37093000000000065,0.8166962086564162,0.40493516192453427,0.38012849091761214,1.9041103131351542
10.0,20.0,25.0,0.3,ORIG,TP2,728.7380000000026,2.4291266666666753,0.23991104949899647,0.5344827586206896,464,4,0.9636518794969686,1378.8270000000002,4.596090000000001,0.4724467296870392,0.5922330097087378,309,4,4015.9929999999995,0.4456329180553841,0.1705700000000001,0.8460408177212881,0.463615805613653,0.45319115075772487,1.9013004544408367
4.0,30.0,25.0,0.5,ORIG,TP2,705.0760000000016,2.3502533333333386,0.22130269244050668,0.5366379310344828,464,4,0.9557644889696703,1388.7989999999945,4.629329999999982,0.48186687478519535,0.5631067961165048,309,4,2642.2879999999914,0.4993067013849055,0.37093000000000065,0.7069896590878755,0.14994679858527493,0.7202605165987672,1.8929214990774736
10.0,20.0,25.0,0.7,ORIG,TP2,729.1000000000022,2.4303333333333406,0.25986455086894855,0.5344827586206896,464,4,0.9372112784831059,1301.3370000000004,4.337790000000002,0.4342759758904145,0.5954692556634305,309,4,2712.3650000000016,0.44869993806659847,0.1705700000000001,0.8460408177212881,0.5214769635155343,0.31936346299489915,1.8836796044881359
4.0,30.0,25.0,0.3,ORIG,TP2,705.0760000000016,2.3502533333333386,0.22130269244050668,0.5366379310344828,464,4,0.9557644889696703,1401.0389999999943,4.670129999999981,0.4943128367399317,0.5631067961165048,309,4,3184.631999999986,0.5389897524683005,0.37093000000000065,0.7069896590878755,0.1678800197706909,0.7087737785534731,1.8808883026211434
6.0,25.0,25.0,0.7,ORIG,TP2,726.002000000002,2.4200066666666733,0.2471318240899664,0.5344827586206896,464,4,0.9501423324642853,1337.8509999999997,4.459503333333332,0.45945731182328853,0.6019417475728155,309,4,2641.235999999999,0.45613951498065414,0.31165333333333445,0.9052671437575026,0.4109908431870728,0.26469951533358915,1.8750235263149972
10.0,30.0,25.0,0.5,ORIG,TP2,729.6830000000025,2.432276666666675,0.2561150991678765,0.5301724137931034,464,4,0.9430723347219152,1364.0659999999957,4.546886666666652,0.4941129975710553,0.5792880258899676,309,4,3417.990999999992,0.5111423288817379,0.37093000000000065,0.587547625820922,0.3073262625875768,0.5980416735982068,1.8316944945931666
10.0,30.0,25.0,0.7,ORIG,TP2,735.7600000000023,2.452533333333341,0.23468974330921988,0.5301724137931034,464,4,0.9802903504707974,1247.6989999999978,4.158996666666659,0.4426259454679758,0.5792880258899676,309,4,2496.106999999996,0.5125376098089925,0.37093000000000065,0.587547625820922,0.3885193552092423,0.3762413150687336,1.7866043490887897
10.0,30.0,25.0,0.3,ORIG,TP2,729.6830000000025,2.432276666666675,0.2561150991678765,0.5301724137931034,464,4,0.9430723347219152,1318.1459999999952,4.393819999999984,0.5037324964723641,0.5728155339805825,309,4,3802.8809999999835,0.5779303624545616,0.37093000000000065,0.587547625820922,0.243658919477725,0.6233005260980065,1.7496911407871358
10.0,15.0,20.0,0.5,ORIG,TP2,792.314000000004,2.64104666666668,0.30414295146637166,0.5387931034482759,464,4,0.9605823187537513,1227.7779999999996,4.0925933333333315,0.46203615840618506,0.5857605177993528,309,4,2981.6840000000034,0.5121886093846937,0.14353666666666576,0.6006949201454028,0.9171534920311117,0.1662268778412923,1.7151748865727787
8.0,20.0,25.0,0.7,ORIG,TP2,729.6190000000022,2.432063333333341,0.24615671610151485,0.5323275862068966,464,4,0.9564284386944669,1192.3939999999998,3.9746466666666658,0.440095779212031,0.6051779935275081,309,4,2548.784,0.44761965719829677,0.1705700000000001,0.9111002901720295,0.5338380594913257,0.1583455897353201,1.7129976111993237
8.0,30.0,25.0,0.7,ORIG,TP2,728.5880000000025,2.4286266666666747,0.26087966136656376,0.5280172413793104,464,4,0.9351383969954185,1161.1729999999975,3.870576666666658,0.42255842735410165,0.5825242718446602,309,4,2304.395999999995,0.4849964576897694,0.37093000000000065,0.6691807750942842,0.35334938579662256,0.24981890551119101,1.7068478442586443
10.0,30.0,20.0,0.7,BE,TP2,758.0410000000029,2.526803333333343,0.28340140228045857,0.5387931034482759,464,4,0.9443631061545222,1218.547,4.061823333333334,0.46163534529974387,0.6148867313915858,309,4,2569.8669999999997,0.5131632216459725,0.28988000000000214,0.6352528917418734,0.8311256289665887,0.05164377189401659,1.7031376801400138
10.0,15.0,20.0,0.3,ORIG,TP2,797.314000000004,2.6577133333333465,0.30414295146637166,0.5387931034482759,464,4,0.9668731194810009,1240.1979999999996,4.133993333333332,0.4821379736610398,0.5825242718446602,309,4,3586.8920000000035,0.514263956179776,0.14353666666666576,0.6006949201454028,0.8214030768334197,0.23995248940709746,1.689817613395545
8.0,20.0,20.0,0.7,ORIG,TP2,769.8460000000032,2.566153333333344,0.2910390985363977,0.5366379310344828,464,4,0.9495052371647286,1166.4049999999993,3.8880166666666645,0.4395223086487583,0.5792880258899676,309,3,3102.6129999999994,0.4758854320295791,0.19597333333333378,0.6709764989185965,1.005569334798913,-0.02993999525950075,1.6769050844110749
6.0,30.0,25.0,0.7,ORIG,TP2,734.3700000000024,2.447900000000008,0.2632746419007943,0.5344827586206896,464,4,0.9398097475764374,1209.8879999999967,4.032959999999989,0.471746666796144,0.5889967637540453,309,4,2963.049999999992,0.49441523651740665,0.37093000000000065,0.8166962086564162,0.3126722334572163,0.233587686635643,1.66979679011253
5.0,30.0,20.0,0.3,ORIG,TP2,795.5430000000038,2.6518100000000127,0.3249880453112837,0.5495689655172413,464,4,0.9365085645445985,1386.7259999999924,4.622419999999974,0.5998748366745493,0.5663430420711975,309,4,4858.419999999981,0.5943585324503836,0.46727000000000163,0.6752994790779321,0.2309640849701846,0.5276417892032694,1.6510857021897303
6.0,20.0,25.0,0.7,ORIG,TP2,772.3600000000024,2.5745333333333416,0.25280114277697324,0.5387931034482759,464,4,1.004386745169226,1161.1290000000004,3.870430000000001,0.45062767184010893,0.6019417475728155,309,4,3138.155999999998,0.47287714182613216,0.1705700000000001,0.9236269509726078,0.41539283694683204,0.21440621506093827,1.6456728393625963
10.0,15.0,20.0,0.7,ORIG,TP2,778.0260000000028,2.5934200000000094,0.30414295146637166,0.5387931034482759,464,4,0.9423844835073255,1120.3149999999998,3.7343833333333327,0.4373769877222032,0.5889967637540453,309,4,3070.3070000000016,0.5181513577153966,0.14353666666666576,0.6006949201454028,0.8216161388071388,0.1199622119032504,1.615126215955717
6.0,30.0,25.0,0.3,ORIG,TP2,734.3700000000024,2.447900000000008,0.2632746419007943,0.5344827586206896,464,4,0.9398097475764374,1294.6499999999924,4.315499999999974,0.5592269919214347,0.56957928802589,309,4,3973.585999999983,0.5664151618001755,0.37093000000000065,0.8166962086564162,0.14903054061396026,0.5080021432232213,1.6116557719383204
10.0,25.0,25.0,0.7,BE,TP2,729.7990000000016,2.4326633333333385,0.2504092206883929,0.5387931034482759,464,4,0.9509342311774577,1084.3870000000015,3.6146233333333386,0.4408676582129414,0.6245954692556634,309,4,2231.510000000001,0.4509386816442957,0.31165333333333445,0.6791225323764478,0.5201217445000008,0.07965057293652733,1.5562811951945552
10.0,20.0,25.0,0.7,BE,TP2,723.4100000000019,2.411366666666673,0.2464543552011011,0.5387931034482759,464,4,0.9474802888554946,1082.208000000001,3.6073600000000035,0.44183495353281627,0.6213592233009708,309,4,2065.5600000000013,0.45661303517861973,0.1705700000000001,0.8372701618299976,0.5688379965157837,0.06915574664495838,1.5512158504247031
8.0,30.0,20.0,0.7,ORIG,TP2,760.7830000000035,2.535943333333345,0.2621403145840052,0.5344827586206896,464,4,0.9766762667368208,1089.3569999999972,3.631189999999991,0.46342276786971914,0.5598705501618123,309,4,2942.085999999995,0.4883172288559271,0.2669766666666684,0.7239359840881092,0.44753653533885074,0.14849653191805623,1.5191558179962972
8.0,25.0,20.0,0.7,BE+2,TP2,765.5420000000026,2.5518066666666757,0.26483793181545634,0.5538793103448276,464,4,0.9792703970861732,1053.4020000000003,3.511340000000001,0.43755995218383653,0.6343042071197411,309,3,2895.4609999999975,0.47879223060147297,0.23712666666666937,0.914411889916958,0.6894910845855977,-0.12245897624295854,1.518299210352375
10.0,20.0,25.0,0.7,BE+2,TP2,720.0770000000018,2.4002566666666727,0.24230834029343526,0.5387931034482759,464,4,0.9484594166840599,1038.9320000000007,3.4631066666666688,0.4740200546946213,0.6213592233009708,309,4,2263.8600000000006,0.45429174596574257,0.1705700000000001,0.877991064182412,0.5495651224571456,0.01663515772086588,1.4298185974156332
8.0,20.0,20.0,0.5,BE,TP2,759.2050000000031,2.530683333333344,0.2835133109402319,0.5538793103448276,464,4,0.9457463887283949,972.3289999999988,3.2410966666666625,0.422814421196619,0.6310679611650486,309,3,2542.2899999999972,0.4638387961395364,0.17221000000000086,0.691153177900433,0.8434496465539822,-0.11310473407161548,1.4287757241666965
8.0,20.0,20.0,0.7,BE+2,TP2,771.4840000000022,2.5716133333333406,0.2642953720818786,0.5538793103448276,464,4,0.9877347058009492,972.2009999999991,3.240669999999997,0.42634975225735505,0.6310679611650486,309,3,2440.5309999999963,0.4897912586990892,0.17190000000000127,0.7374463122564485,0.912468854058547,-0.16777934619128054,1.421939429510148
4.0,15.0,25.0,0.3,ORIG,TP2,731.6560000000015,2.4388533333333386,0.24523639236115038,0.5474137931034483,464,4,0.9604588538034421,900.0930000000001,3.0003100000000003,0.3711972377481567,0.5954692556634305,309,4,2599.322000000001,0.4228588544111956,0.09243333333333181,0.43137643792146374,0.4071327314780253,0.36358513118606006,1.4195314928607345
4.0,15.0,25.0,0.5,ORIG,TP2,731.6560000000015,2.4388533333333386,0.24523639236115038,0.5474137931034483,464,4,0.9604588538034421,900.0930000000001,3.0003100000000003,0.3711972377481567,0.5954692556634305,309,4,2297.59,0.40612118565581035,0.09243333333333181,0.43137643792146374,0.4071327314780253,0.36358513118606006,1.4195314928607345
8.0,20.0,20.0,0.3,BE,TP2,759.2050000000031,2.530683333333344,0.2835133109402319,0.5538793103448276,464,4,0.9457463887283949,948.3289999999988,3.161096666666663,0.4142760048331498,0.6310679611650486,309,3,2851.2649999999967,0.4265024488368873,0.17221000000000086,0.691153177900433,0.682028060452381,-0.051982897626680846,1.4094244615417608
6.0,20.0,25.0,0.5,BE+2,TP2,741.3180000000009,2.471060000000003,0.2598870697244509,0.5711206896551724,464,4,0.9537996642510118,963.4880000000003,3.2116266666666675,0.4360028239701944,0.6731391585760518,309,3,2206.4129999999973,0.4923342971566434,0.1705700000000001,1.1057518986476693,0.4178739355681491,-0.08106912048588055,1.3915142451830187
8.0,25.0,25.0,0.7,BE,TP2,729.5340000000017,2.4317800000000056,0.25709048521349015,0.5517241379310345,464,4,0.9415513444475953,911.8679999999999,3.03956,0.39491819269638295,0.6440129449838188,309,3,1647.5249999999976,0.44091407726569887,0.31165333333333445,0.7716800170776861,0.3883230127275483,-0.05785912955072381,1.3912592427926112
4.0,15.0,25.0,0.7,ORIG,TP2,731.6560000000015,2.4388533333333386,0.24523639236115038,0.5474137931034483,464,4,0.9604588538034421,856.0930000000001,2.8536433333333338,0.3711972377481567,0.5954692556634305,309,4,2092.3820000000005,0.3930943607189632,0.09243333333333181,0.43137643792146374,0.4071327314780253,0.29692785713528247,1.3501393459538347
8.0,20.0,20.0,0.3,BE+2,TP2,770.6110000000031,2.5687033333333433,0.275885776964102,0.5538793103448276,464,4,0.9709554331236689,899.3269999999989,2.997756666666663,0.4143615969573301,0.6310679611650486,309,3,3048.209999999995,0.43943601974099117,0.17190000000000127,0.7374463122564485,0.6883916088495374,-0.1279904433802278,1.336443757661652
8.0,20.0,20.0,0.5,BE+2,TP2,770.6110000000031,2.5687033333333433,0.275885776964102,0.5538793103448276,464,4,0.9709554331236689,919.3269999999989,3.0644233333333295,0.44411665820942553,0.6310679611650486,309,3,2756.7879999999955,0.4716671446687797,0.17190000000000127,0.7374463122564485,0.7997148161366237,-0.1637365406289486,1.3138780057318493
8.0,25.0,25.0,0.5,BE+2,TP2,734.4810000000014,2.4482700000000044,0.251701367580216,0.5517241379310345,464,4,0.955584806452488,863.6550000000002,2.878850000000001,0.4038507610093335,0.6440129449838188,309,3,2114.2419999999984,0.4180841486259227,0.31165333333333445,0.7902316669038589,0.41905943510459687,-0.13604693619298658,1.3017327341040084
8.0,25.0,25.0,0.3,BE+2,TP2,734.4810000000014,2.4482700000000044,0.251701367580216,0.5517241379310345,464,4,0.955584806452488,857.6550000000002,2.858850000000001,0.40623416990031025,0.6440129449838188,309,3,2198.0189999999984,0.3696825212717636,0.31165333333333445,0.7902316669038589,0.4105421400271676,-0.13686843018955264,1.2885233543028527
6.0,15.0,25.0,0.7,ORIG,TP2,734.1970000000022,2.4473233333333404,0.24741634824840142,0.5452586206896551,464,4,0.9609828401827586,850.0930000000001,2.8336433333333337,0.4006025908575594,0.6051779935275081,309,4,2067.2320000000004,0.4553703581073945,0.09243333333333181,0.43137643792146374,0.5499578985514948,0.1691668053467712,1.2869621810910377
10.0,30.0,25.0,0.5,BE+2,TP2,735.3360000000023,2.4511200000000075,0.2567283458911706,0.5366379310344828,464,4,0.949961796002739,974.1109999999999,3.2470366666666663,0.5086996476895342,0.6245954692556634,309,3,2285.0509999999995,0.5001372372474715,0.37093000000000065,0.613216332465315,0.5495687901103508,-0.05252351156635815,1.2853956792057786
8.0,20.0,25.0,0.7,BE,TP2,724.1760000000017,2.413920000000006,0.256352152160111,0.5517241379310345,464,4,0.93517657669348,854.3029999999994,2.847676666666665,0.4080431126694474,0.6407766990291263,309,3,1690.0499999999975,0.46145270352148576,0.1705700000000001,0.9503034134367607,0.4225685876564096,-0.12316497024026418,1.2803556960480973
10.0,30.0,25.0,0.3,BE+2,TP2,735.3360000000023,2.4511200000000075,0.2567283458911706,0.5366379310344828,464,4,0.949961796002739,970.1239999999998,3.233746666666666,0.5144906984644441,0.6245954692556634,309,3,2198.2949999999987,0.5074468675328055,0.37093000000000065,0.613216332465315,0.5209515857250018,-0.038647381293081984,1.271390660240991
8.0,20.0,25.0,0.7,BE+2,TP2,738.6570000000017,2.462190000000006,0.2468521493917432,0.5517241379310345,464,4,0.9678007961357826,876.4359999999992,2.921453333333331,0.4333729254277554,0.6407766990291263,309,3,1772.3189999999968,0.47148689468991184,0.1705700000000001,1.0195004712803746,0.4854072956471447,-0.1680215978948888,1.2701315094927712
6.0,20.0,25.0,0.7,BE+2,TP2,745.3180000000009,2.4843933333333363,0.2598870697244509,0.5711206896551724,464,4,0.9591809541602507,880.1580000000004,2.933860000000001,0.46882202113992966,0.6731391585760518,309,3,1985.3669999999975,0.5035979835998533,0.1705700000000001,1.1057518986476693,0.399847730631971,-0.14973559591869057,1.219157022239799
6.0,20.0,25.0,0.3,BE+2,TP2,741.3180000000009,2.471060000000003,0.2598870697244509,0.5711206896551724,464,4,0.9537996642510118,879.4880000000003,2.9316266666666677,0.4749273849344155,0.6731391585760518,309,3,2340.1399999999976,0.4711472785093683,0.1705700000000001,1.1057518986476693,0.37730483218590294,-0.13647681661443234,1.2090268236506996
8.0,20.0,20.0,0.7,BE,TP2,755.2000000000025,2.5173333333333416,0.2801266492057886,0.5538793103448276,464,4,0.9450291637472786,829.4329999999991,2.7647766666666636,0.45285954677274715,0.6310679611650486,309,3,2486.083999999997,0.4824823270160828,0.17221000000000086,0.7139022302602205,0.6748070401316681,-0.17831792699465954,1.17222153181783
8.0,30.0,25.0,0.3,BE+2,TP2,729.6350000000023,2.432116666666674,0.2594991216898423,0.5495689655172413,464,4,0.9384381201632694,788.9149999999981,2.6297166666666603,0.431648115592529,0.6440129449838188,309,3,1313.2619999999947,0.5326612686101515,0.37093000000000065,0.7309490637742282,0.3301180076499137,-0.16685763769715367,1.14587382929749
8.0,30.0,25.0,0.5,BE+2,TP2,729.6350000000023,2.432116666666674,0.2594991216898423,0.5495689655172413,464,4,0.9384381201632694,788.9149999999981,2.6297166666666603,0.431648115592529,0.6440129449838188,309,3,1577.5069999999964,0.48887662179557484,0.37093000000000065,0.7309490637742282,0.3301180076499137,-0.16685763769715367,1.14587382929749
8.0,30.0,20.0,0.7,BE,TP2,751.0910000000029,2.5036366666666763,0.26245922707050195,0.5538793103448276,464,4,0.9634243849930259,733.2499999999986,2.444166666666662,0.4394887136252386,0.6310679611650486,309,3,2448.343999999995,0.47916726183828895,0.2557800000000021,0.6318675776542604,0.46271837079930545,-0.18459827634139592,1.0542171065493617
8.0,30.0,20.0,0.7,BE+2,TP2,756.856000000003,2.522853333333343,0.2657829962523777,0.5538793103448276,464,4,0.9665834911748795,729.744999999999,2.43248333333333,0.44825135279560513,0.6310679611650486,309,3,2267.1959999999954,0.48230927258075224,0.25547000000000253,0.6272737168815923,0.5398076025700809,-0.2267561682446002,1.0374151287350248
6.0,15.0,25.0,0.3,ORIG,TP2,734.1970000000022,2.4473233333333404,0.24741634824840142,0.5452586206896551,464,4,0.9609828401827586,741.113,2.4703766666666667,0.47483044699644766,0.598705501618123,309,4,2926.989000000001,0.4602652898443503,0.09243333333333181,0.43137643792146374,0.4689952142910414,0.07545932234626251,1.0189257535803775
6.0,15.0,25.0,0.5,ORIG,TP2,734.1970000000022,2.4473233333333404,0.24741634824840142,0.5452586206896551,464,4,0.9609828401827586,741.113,2.4703766666666667,0.47483044699644766,0.598705501618123,309,4,2462.4460000000004,0.47151510722119017,0.09243333333333181,0.43137643792146374,0.4689952142910414,0.07545932234626251,1.0189257535803775
