tp1,tp2,sl,first_frac,runner_stop,fallback_001,train_final,train_multiple,train_dd,train_wr,train_trades,train_pos_years,train_score
5.0,30.0,20.0,0.7,ORIG,TP2,851.3290000000027,2.837763333333342,0.2889023562013251,0.5689655172413793,464,4,1.0529980023286178
6.0,20.0,25.0,0.7,ORIG,TP2,772.3600000000024,2.5745333333333416,0.25280114277697324,0.5387931034482759,464,4,1.004386745169226
8.0,20.0,20.0,0.7,BE+2,TP2,771.4840000000022,2.5716133333333406,0.2642953720818786,0.5538793103448276,464,4,0.9877347058009492
10.0,30.0,25.0,0.7,ORIG,TP2,735.7600000000023,2.452533333333341,0.23468974330921988,0.5301724137931034,464,4,0.9802903504707974
8.0,25.0,20.0,0.7,BE+2,TP2,765.5420000000026,2.5518066666666757,0.26483793181545634,0.5538793103448276,464,4,0.9792703970861732
8.0,30.0,20.0,0.7,ORIG,TP2,760.7830000000035,2.535943333333345,0.2621403145840052,0.5344827586206896,464,4,0.9766762667368208
5.0,20.0,25.0,0.5,ORIG,TP2,732.6800000000019,2.442266666666673,0.23692459142306171,0.5452586206896551,464,4,0.9730783714146845
5.0,20.0,25.0,0.3,ORIG,TP2,732.6800000000019,2.442266666666673,0.23692459142306171,0.5452586206896551,464,4,0.9730783714146845
5.0,20.0,25.0,0.7,ORIG,TP2,732.6800000000019,2.442266666666673,0.23692459142306171,0.5452586206896551,464,4,0.9730783714146845
4.0,20.0,25.0,0.5,ORIG,TP2,733.5980000000013,2.445326666666671,0.23805138947399973,0.5431034482758621,464,4,0.9728093442110876
4.0,20.0,25.0,0.7,ORIG,TP2,733.5980000000013,2.445326666666671,0.23805138947399973,0.5431034482758621,464,4,0.9728093442110876
4.0,20.0,25.0,0.3,ORIG,TP2,733.5980000000013,2.445326666666671,0.23805138947399973,0.5431034482758621,464,4,0.9728093442110876
8.0,20.0,20.0,0.3,BE+2,TP2,770.6110000000031,2.5687033333333433,0.275885776964102,0.5538793103448276,464,4,0.9709554331236689
8.0,20.0,20.0,0.5,BE+2,TP2,770.6110000000031,2.5687033333333433,0.275885776964102,0.5538793103448276,464,4,0.9709554331236689
8.0,20.0,25.0,0.7,BE+2,TP2,738.6570000000017,2.462190000000006,0.2468521493917432,0.5517241379310345,464,4,0.9678007961357826
10.0,15.0,20.0,0.3,ORIG,TP2,797.314000000004,2.6577133333333465,0.30414295146637166,0.5387931034482759,464,4,0.9668731194810009
8.0,30.0,20.0,0.7,BE+2,TP2,756.856000000003,2.522853333333343,0.2657829962523777,0.5538793103448276,464,4,0.9665834911748795
5.0,20.0,20.0,0.7,ORIG,TP2,812.1860000000027,2.7072866666666755,0.31853946047106046,0.5689655172413793,464,4,0.965918631677796
5.0,30.0,25.0,0.5,ORIG,TP2,733.019000000002,2.4433966666666733,0.24264288385104305,0.540948275862069,464,4,0.9658212545687291
5.0,30.0,25.0,0.7,ORIG,TP2,733.019000000002,2.4433966666666733,0.24264288385104305,0.540948275862069,464,4,0.9658212545687291
5.0,30.0,25.0,0.3,ORIG,TP2,733.019000000002,2.4433966666666733,0.24264288385104305,0.540948275862069,464,4,0.9658212545687291
10.0,20.0,25.0,0.5,ORIG,TP2,728.7380000000026,2.4291266666666753,0.23991104949899647,0.5344827586206896,464,4,0.9636518794969686
10.0,20.0,25.0,0.3,ORIG,TP2,728.7380000000026,2.4291266666666753,0.23991104949899647,0.5344827586206896,464,4,0.9636518794969686
8.0,30.0,20.0,0.7,BE,TP2,751.0910000000029,2.5036366666666763,0.26245922707050195,0.5538793103448276,464,4,0.9634243849930259
6.0,15.0,25.0,0.5,ORIG,TP2,734.1970000000022,2.4473233333333404,0.24741634824840142,0.5452586206896551,464,4,0.9609828401827586
6.0,15.0,25.0,0.7,ORIG,TP2,734.1970000000022,2.4473233333333404,0.24741634824840142,0.5452586206896551,464,4,0.9609828401827586
6.0,15.0,25.0,0.3,ORIG,TP2,734.1970000000022,2.4473233333333404,0.24741634824840142,0.5452586206896551,464,4,0.9609828401827586
10.0,15.0,20.0,0.5,ORIG,TP2,792.314000000004,2.64104666666668,0.30414295146637166,0.5387931034482759,464,4,0.9605823187537513
4.0,15.0,25.0,0.7,ORIG,TP2,731.6560000000015,2.4388533333333386,0.24523639236115038,0.5474137931034483,464,4,0.9604588538034421
4.0,15.0,25.0,0.5,ORIG,TP2,731.6560000000015,2.4388533333333386,0.24523639236115038,0.5474137931034483,464,4,0.9604588538034421
4.0,15.0,25.0,0.3,ORIG,TP2,731.6560000000015,2.4388533333333386,0.24523639236115038,0.5474137931034483,464,4,0.9604588538034421
6.0,20.0,25.0,0.7,BE+2,TP2,745.3180000000009,2.4843933333333363,0.2598870697244509,0.5711206896551724,464,4,0.9591809541602507
4.0,30.0,20.0,0.7,ORIG,TP2,771.9660000000019,2.5732200000000063,0.28681172635330393,0.5581896551724138,464,4,0.957962202370987
8.0,20.0,25.0,0.7,ORIG,TP2,729.6190000000022,2.432063333333341,0.24615671610151485,0.5323275862068966,464,4,0.9564284386944669
4.0,30.0,25.0,0.5,ORIG,TP2,705.0760000000016,2.3502533333333386,0.22130269244050668,0.5366379310344828,464,4,0.9557644889696703
4.0,30.0,25.0,0.3,ORIG,TP2,705.0760000000016,2.3502533333333386,0.22130269244050668,0.5366379310344828,464,4,0.9557644889696703
4.0,30.0,25.0,0.7,ORIG,TP2,705.0760000000016,2.3502533333333386,0.22130269244050668,0.5366379310344828,464,4,0.9557644889696703
8.0,25.0,25.0,0.5,BE+2,TP2,734.4810000000014,2.4482700000000044,0.251701367580216,0.5517241379310345,464,4,0.955584806452488
8.0,25.0,25.0,0.3,BE+2,TP2,734.4810000000014,2.4482700000000044,0.251701367580216,0.5517241379310345,464,4,0.955584806452488
4.0,30.0,20.0,0.3,ORIG,TP2,794.1030000000032,2.647010000000011,0.3099757927389381,0.5474137931034483,464,4,0.9549633809019961
4.0,25.0,20.0,0.5,ORIG,TP2,810.788000000003,2.7026266666666765,0.32575253100980767,0.5474137931034483,464,4,0.9544582227515472
6.0,20.0,25.0,0.3,BE+2,TP2,741.3180000000009,2.471060000000003,0.2598870697244509,0.5711206896551724,464,4,0.9537996642510118
6.0,20.0,25.0,0.5,BE+2,TP2,741.3180000000009,2.471060000000003,0.2598870697244509,0.5711206896551724,464,4,0.9537996642510118
5.0,25.0,20.0,0.5,ORIG,TP2,817.8460000000034,2.7261533333333445,0.334197723709911,0.5495689655172413,464,4,0.9517246531555881
5.0,25.0,20.0,0.7,ORIG,TP2,785.5530000000022,2.618510000000007,0.3045081128489984,0.5625,464,4,0.9515195013643002
10.0,25.0,25.0,0.7,BE,TP2,729.7990000000016,2.4326633333333385,0.2504092206883929,0.5387931034482759,464,4,0.9509342311774577
6.0,25.0,25.0,0.5,ORIG,TP2,726.002000000002,2.4200066666666733,0.2471318240899664,0.5344827586206896,464,4,0.9501423324642853
6.0,25.0,25.0,0.3,ORIG,TP2,726.002000000002,2.4200066666666733,0.2471318240899664,0.5344827586206896,464,4,0.9501423324642853
6.0,25.0,25.0,0.7,ORIG,TP2,726.002000000002,2.4200066666666733,0.2471318240899664,0.5344827586206896,464,4,0.9501423324642853
10.0,30.0,25.0,0.5,BE+2,TP2,735.3360000000023,2.4511200000000075,0.2567283458911706,0.5366379310344828,464,4,0.949961796002739
10.0,30.0,25.0,0.3,BE+2,TP2,735.3360000000023,2.4511200000000075,0.2567283458911706,0.5366379310344828,464,4,0.949961796002739
6.0,20.0,25.0,0.5,ORIG,TP2,735.1670000000022,2.450556666666674,0.256644982856669,0.5387931034482759,464,4,0.9498444827760055
6.0,20.0,25.0,0.3,ORIG,TP2,735.1670000000022,2.450556666666674,0.256644982856669,0.5387931034482759,464,4,0.9498444827760055
4.0,25.0,25.0,0.5,ORIG,TP2,704.5360000000012,2.3484533333333375,0.22526792826281108,0.5387931034482759,464,4,0.9496452522931489
4.0,25.0,25.0,0.3,ORIG,TP2,704.5360000000012,2.3484533333333375,0.22526792826281108,0.5387931034482759,464,4,0.9496452522931489
4.0,25.0,25.0,0.7,ORIG,TP2,704.5360000000012,2.3484533333333375,0.22526792826281108,0.5387931034482759,464,4,0.9496452522931489
8.0,20.0,20.0,0.7,ORIG,TP2,769.8460000000032,2.566153333333344,0.2910390985363977,0.5366379310344828,464,4,0.9495052371647286
10.0,20.0,25.0,0.7,BE+2,TP2,720.0770000000018,2.4002566666666727,0.24230834029343526,0.5387931034482759,464,4,0.9484594166840599
10.0,20.0,25.0,0.7,BE,TP2,723.4100000000019,2.411366666666673,0.2464543552011011,0.5387931034482759,464,4,0.9474802888554946
8.0,20.0,20.0,0.3,BE,TP2,759.2050000000031,2.530683333333344,0.2835133109402319,0.5538793103448276,464,4,0.9457463887283949
8.0,20.0,20.0,0.5,BE,TP2,759.2050000000031,2.530683333333344,0.2835133109402319,0.5538793103448276,464,4,0.9457463887283949
8.0,20.0,20.0,0.7,BE,TP2,755.2000000000025,2.5173333333333416,0.2801266492057886,0.5538793103448276,464,4,0.9450291637472786
10.0,30.0,20.0,0.7,BE,TP2,758.0410000000029,2.526803333333343,0.28340140228045857,0.5387931034482759,464,4,0.9443631061545222
4.0,25.0,20.0,0.3,ORIG,TP2,802.029000000003,2.67343000000001,0.32575253100980767,0.5474137931034483,464,4,0.9435963752943317
10.0,30.0,25.0,0.3,ORIG,TP2,729.6830000000025,2.432276666666675,0.2561150991678765,0.5301724137931034,464,4,0.9430723347219152
10.0,30.0,25.0,0.5,ORIG,TP2,729.6830000000025,2.432276666666675,0.2561150991678765,0.5301724137931034,464,4,0.9430723347219152
10.0,15.0,20.0,0.7,ORIG,TP2,778.0260000000028,2.5934200000000094,0.30414295146637166,0.5387931034482759,464,4,0.9423844835073255
4.0,30.0,20.0,0.5,ORIG,TP2,783.6180000000031,2.6120600000000103,0.3099757927389381,0.5474137931034483,464,4,0.9416718618563171
8.0,25.0,25.0,0.7,BE,TP2,729.5340000000017,2.4317800000000056,0.25709048521349015,0.5517241379310345,464,4,0.9415513444475953
6.0,30.0,25.0,0.3,ORIG,TP2,734.3700000000024,2.447900000000008,0.2632746419007943,0.5344827586206896,464,4,0.9398097475764374
6.0,30.0,25.0,0.7,ORIG,TP2,734.3700000000024,2.447900000000008,0.2632746419007943,0.5344827586206896,464,4,0.9398097475764374
6.0,30.0,25.0,0.5,ORIG,TP2,734.3700000000024,2.447900000000008,0.2632746419007943,0.5344827586206896,464,4,0.9398097475764374
8.0,30.0,25.0,0.3,BE+2,TP2,729.6350000000023,2.432116666666674,0.2594991216898423,0.5495689655172413,464,4,0.9384381201632694
8.0,30.0,25.0,0.5,BE+2,TP2,729.6350000000023,2.432116666666674,0.2594991216898423,0.5495689655172413,464,4,0.9384381201632694
10.0,20.0,25.0,0.7,ORIG,TP2,729.1000000000022,2.4303333333333406,0.25986455086894855,0.5344827586206896,464,4,0.9372112784831059
5.0,30.0,20.0,0.3,ORIG,TP2,795.5430000000038,2.6518100000000127,0.3249880453112837,0.5495689655172413,464,4,0.9365085645445985
6.0,20.0,20.0,0.5,ORIG,TP2,788.9670000000037,2.6298900000000125,0.3195328574326466,0.5387931034482759,464,4,0.9355726626858544
5.0,25.0,20.0,0.3,ORIG,TP2,804.5210000000034,2.6817366666666778,0.334197723709911,0.5495689655172413,464,4,0.9352976675968498
8.0,20.0,25.0,0.7,BE,TP2,724.1760000000017,2.413920000000006,0.256352152160111,0.5517241379310345,464,4,0.93517657669348
8.0,30.0,25.0,0.7,ORIG,TP2,728.5880000000025,2.4286266666666747,0.26087966136656376,0.5280172413793104,464,4,0.9351383969954185
10.0,20.0,20.0,0.7,BE+2,TP2,759.6550000000025,2.5321833333333417,0.2920233784157325,0.5387931034482759,464,4,0.9348503473292205
8.0,15.0,20.0,0.3,ORIG,TP2,773.3310000000038,2.5777700000000126,0.305288336446652,0.5366379310344828,464,4,0.9347854298871384
8.0,15.0,20.0,0.5,ORIG,TP2,773.3310000000038,2.5777700000000126,0.305288336446652,0.5366379310344828,464,4,0.9347854298871384
10.0,25.0,25.0,0.5,ORIG,TP2,715.9570000000019,2.3865233333333395,0.2501453186357666,0.5323275862068966,464,4,0.9321414544768147
10.0,25.0,25.0,0.3,ORIG,TP2,715.9570000000019,2.3865233333333395,0.2501453186357666,0.5323275862068966,464,4,0.9321414544768147
10.0,25.0,25.0,0.7,ORIG,TP2,715.9570000000019,2.3865233333333395,0.2501453186357666,0.5323275862068966,464,4,0.9321414544768147
10.0,30.0,25.0,0.7,BE+2,TP2,728.3240000000019,2.427746666666673,0.2632387269743681,0.5366379310344828,464,4,0.9315912480625682
10.0,30.0,25.0,0.7,BE,TP2,730.878000000002,2.4362600000000065,0.26628881068070825,0.5366379310344828,464,4,0.930974182081317
6.0,20.0,20.0,0.3,ORIG,TP2,784.9470000000038,2.6164900000000126,0.3195328574326466,0.5387931034482759,464,4,0.9304643673892699
10.0,30.0,25.0,0.3,BE,TP2,726.7160000000024,2.4223866666666747,0.2634789848415244,0.5366379310344828,464,4,0.9290566505266108
10.0,30.0,25.0,0.5,BE,TP2,726.7160000000024,2.4223866666666747,0.2634789848415244,0.5366379310344828,464,4,0.9290566505266108
8.0,20.0,25.0,0.5,ORIG,TP2,724.1030000000026,2.4136766666666754,0.2610564639987736,0.5323275862068966,464,4,0.9287249464058117
8.0,20.0,25.0,0.3,ORIG,TP2,724.1030000000026,2.4136766666666754,0.2610564639987736,0.5323275862068966,464,4,0.9287249464058117
4.0,25.0,20.0,0.7,ORIG,TP2,772.8060000000016,2.5760200000000055,0.31031935226256413,0.5581896551724138,464,4,0.9273144466326636
8.0,25.0,25.0,0.3,BE,TP2,723.7740000000017,2.4125800000000055,0.26238666532763705,0.5517241379310345,464,4,0.9264747161106566
8.0,25.0,25.0,0.5,BE,TP2,723.7740000000017,2.4125800000000055,0.26238666532763705,0.5517241379310345,464,4,0.9264747161106566
6.0,20.0,20.0,0.7,ORIG,TP2,781.8120000000029,2.6060400000000095,0.3195328574326466,0.5431034482758621,464,4,0.9264624702449538
8.0,15.0,20.0,0.7,BE,TP2,730.7220000000027,2.435740000000009,0.26957856806267666,0.5560344827586207,464,4,0.9263195449186267
8.0,30.0,25.0,0.5,BE,TP2,731.6370000000024,2.438790000000008,0.27067901495336744,0.5495689655172413,464,4,0.92608534447884
8.0,30.0,25.0,0.3,BE,TP2,731.6370000000024,2.438790000000008,0.27067901495336744,0.5495689655172413,464,4,0.92608534447884
5.0,30.0,20.0,0.5,ORIG,TP2,787.0580000000036,2.6235266666666788,0.3249880453112837,0.5495689655172413,464,4,0.9257856074612089
8.0,25.0,25.0,0.5,ORIG,TP2,718.2090000000021,2.394030000000007,0.25749576386918466,0.5301724137931034,464,4,0.9253588571621895
8.0,25.0,25.0,0.7,ORIG,TP2,718.2090000000021,2.394030000000007,0.25749576386918466,0.5301724137931034,464,4,0.9253588571621895
8.0,25.0,25.0,0.3,ORIG,TP2,718.2090000000021,2.394030000000007,0.25749576386918466,0.5301724137931034,464,4,0.9253588571621895
10.0,20.0,20.0,0.7,BE,TP2,772.2760000000028,2.574253333333343,0.31127648294684757,0.5387931034482759,464,4,0.9253362724511743
10.0,25.0,25.0,0.3,BE,TP2,717.0770000000016,2.390256666666672,0.2568476508565828,0.5387931034482759,464,4,0.9246564234316755
10.0,25.0,25.0,0.5,BE,TP2,717.0770000000016,2.390256666666672,0.2568476508565828,0.5387931034482759,464,4,0.9246564234316755
8.0,30.0,25.0,0.5,ORIG,TP2,731.8430000000023,2.4394766666666743,0.272081739952859,0.5280172413793104,464,4,0.9244731864901249
8.0,30.0,25.0,0.3,ORIG,TP2,731.8430000000023,2.4394766666666743,0.272081739952859,0.5280172413793104,464,4,0.9244731864901249
10.0,20.0,20.0,0.7,ORIG,TP2,770.9540000000029,2.569846666666676,0.31127648294684757,0.5344827586206896,464,4,0.9236229823733776
6.0,30.0,25.0,0.7,BE+2,TP2,724.6490000000013,2.415496666666671,0.2665261260213429,0.5668103448275862,464,4,0.9220946549060205
6.0,30.0,25.0,0.3,BE+2,TP2,724.6490000000013,2.415496666666671,0.2665261260213429,0.5668103448275862,464,4,0.9220946549060205
6.0,30.0,25.0,0.5,BE+2,TP2,724.6490000000013,2.415496666666671,0.2665261260213429,0.5668103448275862,464,4,0.9220946549060205
8.0,20.0,25.0,0.5,BE+2,TP2,721.4850000000022,2.404950000000007,0.26462044158671294,0.5517241379310345,464,4,0.9202915171787595
8.0,20.0,25.0,0.3,BE+2,TP2,721.4850000000022,2.404950000000007,0.26462044158671294,0.5517241379310345,464,4,0.9202915171787595
8.0,30.0,25.0,0.7,BE+2,TP2,725.3040000000019,2.4176800000000065,0.269062456138749,0.5495689655172413,464,4,0.919574086869977
8.0,15.0,20.0,0.7,ORIG,TP2,759.604000000003,2.532013333333343,0.305288336446652,0.5431034482758621,464,4,0.9168755159945251
8.0,30.0,25.0,0.7,BE,TP2,728.4700000000018,2.4282333333333397,0.2752009980753715,0.5495689655172413,464,4,0.9156426222214762
5.0,25.0,25.0,0.7,ORIG,TP2,708.2420000000016,2.360806666666672,0.2554170991404944,0.540948275862069,464,4,0.9141902847044424
5.0,25.0,25.0,0.3,ORIG,TP2,708.2420000000016,2.360806666666672,0.2554170991404944,0.540948275862069,464,4,0.9141902847044424
5.0,25.0,25.0,0.5,ORIG,TP2,708.2420000000016,2.360806666666672,0.2554170991404944,0.540948275862069,464,4,0.9141902847044424
8.0,15.0,25.0,0.7,ORIG,TP2,695.2590000000021,2.3175300000000068,0.24523639236115038,0.5387931034482759,464,4,0.9094328336703562
8.0,15.0,25.0,0.3,ORIG,TP2,695.2590000000021,2.3175300000000068,0.24523639236115038,0.5387931034482759,464,4,0.9094328336703562
8.0,15.0,25.0,0.5,ORIG,TP2,695.2590000000021,2.3175300000000068,0.24523639236115038,0.5387931034482759,464,4,0.9094328336703562
10.0,25.0,25.0,0.5,BE+2,TP2,701.7120000000014,2.3390400000000047,0.2522011223333106,0.5387931034482759,464,4,0.9092690736312014
10.0,25.0,25.0,0.3,BE+2,TP2,701.7120000000014,2.3390400000000047,0.2522011223333106,0.5387931034482759,464,4,0.9092690736312014
10.0,20.0,25.0,0.3,BE+2,TP2,715.002000000002,2.3833400000000067,0.266281465829082,0.5387931034482759,464,4,0.9090228863674337
10.0,20.0,25.0,0.5,BE+2,TP2,715.002000000002,2.3833400000000067,0.266281465829082,0.5387931034482759,464,4,0.9090228863674337
6.0,15.0,25.0,0.3,BE+2,TP2,720.5340000000012,2.401780000000004,0.27225365708769594,0.5732758620689655,464,4,0.9086676920533704
6.0,15.0,25.0,0.5,BE+2,TP2,720.5340000000012,2.401780000000004,0.27225365708769594,0.5732758620689655,464,4,0.9086676920533704
6.0,15.0,25.0,0.7,BE+2,TP2,720.5340000000012,2.401780000000004,0.27225365708769594,0.5732758620689655,464,4,0.9086676920533704
6.0,25.0,25.0,0.7,BE,TP2,703.7450000000013,2.345816666666671,0.2550832865490107,0.5689655172413793,464,4,0.9082711631355601
6.0,25.0,25.0,0.5,BE,TP2,703.7450000000013,2.345816666666671,0.2550832865490107,0.5689655172413793,464,4,0.9082711631355601
6.0,25.0,25.0,0.3,BE,TP2,703.7450000000013,2.345816666666671,0.2550832865490107,0.5689655172413793,464,4,0.9082711631355601
8.0,25.0,25.0,0.7,BE+2,TP2,725.5830000000017,2.4186100000000055,0.2789687586873677,0.5517241379310345,464,4,0.9065851707558822
4.0,20.0,20.0,0.3,ORIG,TP2,775.2100000000028,2.5840333333333425,0.33005160018651897,0.5495689655172413,464,4,0.9037818254821562
4.0,20.0,20.0,0.5,ORIG,TP2,775.2100000000028,2.5840333333333425,0.33005160018651897,0.5495689655172413,464,4,0.9037818254821562
6.0,25.0,25.0,0.5,BE+2,TP2,718.3090000000009,2.3943633333333363,0.2736610801523244,0.5689655172413793,464,4,0.903674905724163
6.0,25.0,25.0,0.7,BE+2,TP2,718.3090000000009,2.3943633333333363,0.2736610801523244,0.5689655172413793,464,4,0.903674905724163
6.0,25.0,25.0,0.3,BE+2,TP2,718.3090000000009,2.3943633333333363,0.2736610801523244,0.5689655172413793,464,4,0.903674905724163
8.0,30.0,20.0,0.3,ORIG,TP2,707.0390000000039,2.3567966666666793,0.2621403145840052,0.5301724137931034,464,4,0.9034139276896896
8.0,30.0,20.0,0.5,ORIG,TP2,707.0390000000039,2.3567966666666793,0.2621403145840052,0.5301724137931034,464,4,0.9034139276896896
8.0,20.0,25.0,0.5,BE,TP2,724.183000000002,2.41394333333334,0.28227715821590826,0.5517241379310345,464,4,0.9001874846299399
8.0,20.0,25.0,0.3,BE,TP2,724.183000000002,2.41394333333334,0.28227715821590826,0.5517241379310345,464,4,0.9001874846299399
4.0,20.0,20.0,0.7,ORIG,TP2,772.0750000000014,2.573583333333338,0.33005160018651897,0.5560344827586207,464,4,0.899729560657063
4.0,20.0,25.0,0.3,BE+2,TP2,668.488,2.2282933333333337,0.22470486437681056,0.5905172413793104,464,4,0.8978844041802365
4.0,20.0,25.0,0.5,BE+2,TP2,668.488,2.2282933333333337,0.22470486437681056,0.5905172413793104,464,4,0.8978844041802365
4.0,20.0,25.0,0.7,BE+2,TP2,668.488,2.2282933333333337,0.22470486437681056,0.5905172413793104,464,4,0.8978844041802365
10.0,30.0,20.0,0.7,BE+2,TP2,736.7940000000026,2.4559800000000087,0.2970630717380838,0.5387931034482759,464,4,0.8974907200828539
10.0,20.0,25.0,0.3,BE,TP2,717.273000000002,2.3909100000000065,0.27762429062795213,0.5387931034482759,464,4,0.8968812542656803
10.0,20.0,25.0,0.5,BE,TP2,717.273000000002,2.3909100000000065,0.27762429062795213,0.5387931034482759,464,4,0.8968812542656803
5.0,20.0,20.0,0.5,ORIG,TP2,790.3580000000036,2.6345266666666785,0.3504326429073599,0.5517241379310345,464,4,0.8956194647888487
6.0,30.0,25.0,0.5,BE,TP2,708.7930000000017,2.362643333333339,0.2711432128072257,0.5689655172413793,464,4,0.8937377114496502
6.0,30.0,25.0,0.7,BE,TP2,708.7930000000017,2.362643333333339,0.2711432128072257,0.5689655172413793,464,4,0.8937377114496502
6.0,30.0,25.0,0.3,BE,TP2,708.7930000000017,2.362643333333339,0.2711432128072257,0.5689655172413793,464,4,0.8937377114496502
5.0,20.0,20.0,0.3,ORIG,TP2,787.3380000000036,2.624460000000012,0.3504326429073599,0.5517241379310345,464,4,0.8917910926708554
5.0,15.0,25.0,0.7,ORIG,TP2,694.0250000000021,2.313416666666674,0.25768139973872617,0.5495689655172413,464,4,0.8908556186092667
5.0,15.0,25.0,0.3,ORIG,TP2,694.0250000000021,2.313416666666674,0.25768139973872617,0.5495689655172413,464,4,0.8908556186092667
5.0,15.0,25.0,0.5,ORIG,TP2,694.0250000000021,2.313416666666674,0.25768139973872617,0.5495689655172413,464,4,0.8908556186092667
10.0,15.0,20.0,0.7,BE,TP2,725.0090000000027,2.4166966666666756,0.2903309798192923,0.540948275862069,464,4,0.8904547711584857
5.0,20.0,25.0,0.7,BE+2,TP2,697.3230000000005,2.3244100000000016,0.26283080414125676,0.584051724137931,464,4,0.8886446578043734
5.0,20.0,25.0,0.5,BE+2,TP2,697.3230000000005,2.3244100000000016,0.26283080414125676,0.584051724137931,464,4,0.8886446578043734
5.0,20.0,25.0,0.3,BE+2,TP2,697.3230000000005,2.3244100000000016,0.26283080414125676,0.584051724137931,464,4,0.8886446578043734
6.0,25.0,20.0,0.7,ORIG,TP2,720.3540000000032,2.4011800000000108,0.2872768600561861,0.540948275862069,464,4,0.8881365221162676
4.0,20.0,25.0,0.7,BE,TP2,663.2450000000001,2.210816666666667,0.23314950597699152,0.5926724137931034,464,4,0.878610146628787
4.0,20.0,25.0,0.3,BE,TP2,663.2450000000001,2.210816666666667,0.23314950597699152,0.5926724137931034,464,4,0.878610146628787
4.0,20.0,25.0,0.5,BE,TP2,663.2450000000001,2.210816666666667,0.23314950597699152,0.5926724137931034,464,4,0.878610146628787
4.0,15.0,25.0,0.5,BE+2,TP2,673.9880000000003,2.2466266666666677,0.24523639236115038,0.5926724137931034,464,4,0.8783607022557549
4.0,15.0,25.0,0.3,BE+2,TP2,673.9880000000003,2.2466266666666677,0.24523639236115038,0.5926724137931034,464,4,0.8783607022557549
4.0,15.0,25.0,0.7,BE+2,TP2,673.9880000000003,2.2466266666666677,0.24523639236115038,0.5926724137931034,464,4,0.8783607022557549
4.0,25.0,25.0,0.3,BE,TP2,673.0530000000001,2.2435100000000006,0.24554984626900636,0.5883620689655172,464,4,0.8765493112819588
4.0,25.0,25.0,0.7,BE,TP2,673.0530000000001,2.2435100000000006,0.24554984626900636,0.5883620689655172,464,4,0.8765493112819588
4.0,25.0,25.0,0.5,BE,TP2,673.0530000000001,2.2435100000000006,0.24554984626900636,0.5883620689655172,464,4,0.8765493112819588
4.0,25.0,25.0,0.3,BE+2,TP2,662.0629999999999,2.206876666666666,0.23386777219341298,0.5905172413793104,464,4,0.8758567504548294
4.0,25.0,25.0,0.7,BE+2,TP2,662.0629999999999,2.206876666666666,0.23386777219341298,0.5905172413793104,464,4,0.8758567504548294
4.0,25.0,25.0,0.5,BE+2,TP2,662.0629999999999,2.206876666666666,0.23386777219341298,0.5905172413793104,464,4,0.8758567504548294
8.0,30.0,20.0,0.5,BE,TP2,690.0360000000028,2.3001200000000095,0.2666562470152032,0.5538793103448276,464,4,0.8729753620166161
8.0,30.0,20.0,0.3,BE,TP2,690.0360000000028,2.3001200000000095,0.2666562470152032,0.5538793103448276,464,4,0.8729753620166161
5.0,20.0,25.0,0.5,BE,TP2,693.5330000000006,2.3117766666666686,0.2718421158430631,0.584051724137931,464,4,0.8710294922936469
5.0,20.0,25.0,0.3,BE,TP2,693.5330000000006,2.3117766666666686,0.2718421158430631,0.584051724137931,464,4,0.8710294922936469
5.0,20.0,25.0,0.7,BE,TP2,693.5330000000006,2.3117766666666686,0.2718421158430631,0.584051724137931,464,4,0.8710294922936469
10.0,15.0,25.0,0.5,ORIG,TP2,669.1810000000021,2.2306033333333404,0.24572279327664534,0.5387931034482759,464,4,0.8705463310199542
10.0,15.0,25.0,0.3,ORIG,TP2,669.1810000000021,2.2306033333333404,0.24572279327664534,0.5387931034482759,464,4,0.8705463310199542
10.0,15.0,25.0,0.7,ORIG,TP2,669.1810000000021,2.2306033333333404,0.24572279327664534,0.5387931034482759,464,4,0.8705463310199542
6.0,20.0,25.0,0.3,BE,TP2,696.4560000000013,2.321520000000004,0.2756984302211067,0.5711206896551724,464,4,0.8700292627617718
6.0,20.0,25.0,0.7,BE,TP2,696.4560000000013,2.321520000000004,0.2756984302211067,0.5711206896551724,464,4,0.8700292627617718
6.0,20.0,25.0,0.5,BE,TP2,696.4560000000013,2.321520000000004,0.2756984302211067,0.5711206896551724,464,4,0.8700292627617718
5.0,15.0,25.0,0.7,BE+2,TP2,685.986000000001,2.286620000000003,0.26661132296335666,0.584051724137931,464,4,0.8671494586976394
5.0,15.0,25.0,0.5,BE+2,TP2,685.986000000001,2.286620000000003,0.26661132296335666,0.584051724137931,464,4,0.8671494586976394
5.0,15.0,25.0,0.3,BE+2,TP2,685.986000000001,2.286620000000003,0.26661132296335666,0.584051724137931,464,4,0.8671494586976394
8.0,25.0,20.0,0.5,BE+2,TP2,695.8040000000026,2.319346666666675,0.27928083720099883,0.5538793103448276,464,4,0.8642564066021563
8.0,25.0,20.0,0.3,BE+2,TP2,695.8040000000026,2.319346666666675,0.27928083720099883,0.5538793103448276,464,4,0.8642564066021563
8.0,15.0,20.0,0.3,BE+2,TP2,684.702000000003,2.28234000000001,0.267384993747765,0.5538793103448276,464,4,0.8642314908943654
8.0,15.0,20.0,0.5,BE+2,TP2,684.702000000003,2.28234000000001,0.267384993747765,0.5538793103448276,464,4,0.8642314908943654
10.0,25.0,25.0,0.7,BE+2,TP2,692.7120000000014,2.3090400000000044,0.2783986184472775,0.5387931034482759,464,4,0.8609937188351591
5.0,15.0,25.0,0.5,BE,TP2,673.6920000000014,2.2456400000000047,0.2582350542625932,0.584051724137931,464,4,0.8603732352637232
5.0,15.0,25.0,0.3,BE,TP2,673.6920000000014,2.2456400000000047,0.2582350542625932,0.584051724137931,464,4,0.8603732352637232
5.0,15.0,25.0,0.7,BE,TP2,673.6920000000014,2.2456400000000047,0.2582350542625932,0.584051724137931,464,4,0.8603732352637232
6.0,25.0,20.0,0.3,BE+2,TP2,711.4320000000014,2.3714400000000047,0.30239000143345846,0.5754310344827587,464,4,0.855270863637513
6.0,25.0,20.0,0.5,BE+2,TP2,711.4320000000014,2.3714400000000047,0.30239000143345846,0.5754310344827587,464,4,0.855270863637513
4.0,15.0,25.0,0.7,BE,TP2,654.6560000000004,2.182186666666668,0.24523639236115038,0.5905172413793104,464,4,0.8492583024907887
4.0,15.0,25.0,0.3,BE,TP2,654.6560000000004,2.182186666666668,0.24523639236115038,0.5905172413793104,464,4,0.8492583024907887
4.0,15.0,25.0,0.5,BE,TP2,654.6560000000004,2.182186666666668,0.24523639236115038,0.5905172413793104,464,4,0.8492583024907887
5.0,25.0,25.0,0.5,BE+2,TP2,676.8660000000002,2.256220000000001,0.27293412803258943,0.584051724137931,464,4,0.8452297737677688
5.0,25.0,25.0,0.7,BE+2,TP2,676.8660000000002,2.256220000000001,0.27293412803258943,0.584051724137931,464,4,0.8452297737677688
5.0,25.0,25.0,0.3,BE+2,TP2,676.8660000000002,2.256220000000001,0.27293412803258943,0.584051724137931,464,4,0.8452297737677688
5.0,30.0,25.0,0.3,BE,TP2,679.8590000000008,2.2661966666666693,0.2780906364291362,0.5797413793103449,464,4,0.8426805898928489
5.0,30.0,25.0,0.5,BE,TP2,679.8590000000008,2.2661966666666693,0.2780906364291362,0.5797413793103449,464,4,0.8426805898928489
5.0,30.0,25.0,0.7,BE,TP2,679.8590000000008,2.2661966666666693,0.2780906364291362,0.5797413793103449,464,4,0.8426805898928489
6.0,30.0,20.0,0.5,BE+2,TP2,704.0150000000017,2.3467166666666723,0.3042532971837679,0.5775862068965517,464,4,0.8422752368949518
6.0,30.0,20.0,0.3,BE+2,TP2,704.0150000000017,2.3467166666666723,0.3042532971837679,0.5775862068965517,464,4,0.8422752368949518
4.0,30.0,25.0,0.7,BE+2,TP2,656.5870000000004,2.188623333333335,0.25324428498452867,0.584051724137931,464,4,0.8413929465218143
4.0,30.0,25.0,0.5,BE+2,TP2,656.5870000000004,2.188623333333335,0.25324428498452867,0.584051724137931,464,4,0.8413929465218143
4.0,30.0,25.0,0.3,BE+2,TP2,656.5870000000004,2.188623333333335,0.25324428498452867,0.584051724137931,464,4,0.8413929465218143
8.0,20.0,20.0,0.5,ORIG,TP2,686.1610000000037,2.2872033333333457,0.2910390985363977,0.5323275862068966,464,4,0.8344270363868039
8.0,20.0,20.0,0.3,ORIG,TP2,686.1610000000037,2.2872033333333457,0.2910390985363977,0.5323275862068966,464,4,0.8344270363868039
5.0,30.0,25.0,0.7,BE+2,TP2,668.8750000000011,2.2295833333333372,0.27372992134706986,0.5775862068965517,464,4,0.8322793281567251
5.0,30.0,25.0,0.5,BE+2,TP2,668.8750000000011,2.2295833333333372,0.27372992134706986,0.5775862068965517,464,4,0.8322793281567251
5.0,30.0,25.0,0.3,BE+2,TP2,668.8750000000011,2.2295833333333372,0.27372992134706986,0.5775862068965517,464,4,0.8322793281567251
6.0,20.0,20.0,0.5,BE+2,TP2,699.5880000000013,2.3319600000000045,0.30821016672693546,0.5775862068965517,464,4,0.8306253906011143
6.0,20.0,20.0,0.3,BE+2,TP2,699.5880000000013,2.3319600000000045,0.30821016672693546,0.5775862068965517,464,4,0.8306253906011143
10.0,20.0,20.0,0.3,ORIG,TP2,698.5590000000041,2.3285300000000135,0.31127648294684757,0.5344827586206896,464,4,0.825013915209853
10.0,20.0,20.0,0.5,ORIG,TP2,698.5590000000041,2.3285300000000135,0.31127648294684757,0.5344827586206896,464,4,0.825013915209853
6.0,25.0,20.0,0.3,ORIG,TP2,675.0150000000033,2.250050000000011,0.2872768600561861,0.5366379310344828,464,4,0.8231286771157947
6.0,25.0,20.0,0.5,ORIG,TP2,675.0150000000033,2.250050000000011,0.2872768600561861,0.5366379310344828,464,4,0.8231286771157947
8.0,15.0,20.0,0.3,BE,TP2,657.7340000000029,2.1924466666666764,0.27112887965473875,0.5560344827586207,464,4,0.8189941320828646
8.0,15.0,20.0,0.5,BE,TP2,657.7340000000029,2.1924466666666764,0.27112887965473875,0.5560344827586207,464,4,0.8189941320828646
6.0,20.0,20.0,0.5,BE,TP2,682.4990000000021,2.2749966666666737,0.30127677864936886,0.5775862068965517,464,4,0.8152549360237302
6.0,20.0,20.0,0.3,BE,TP2,682.4990000000021,2.2749966666666737,0.30127677864936886,0.5775862068965517,464,4,0.8152549360237302
8.0,30.0,20.0,0.5,BE+2,TP2,660.1760000000029,2.2005866666666765,0.28032425002134614,0.5538793103448276,464,4,0.8102862539528881
8.0,30.0,20.0,0.3,BE+2,TP2,660.1760000000029,2.2005866666666765,0.28032425002134614,0.5538793103448276,464,4,0.8102862539528881
8.0,15.0,25.0,0.3,BE,TP2,644.4720000000016,2.1482400000000053,0.26447512063216855,0.5538793103448276,464,4,0.807607489395231
8.0,15.0,25.0,0.7,BE,TP2,644.4720000000016,2.1482400000000053,0.26447512063216855,0.5538793103448276,464,4,0.807607489395231
8.0,15.0,25.0,0.5,BE,TP2,644.4720000000016,2.1482400000000053,0.26447512063216855,0.5538793103448276,464,4,0.807607489395231
6.0,25.0,20.0,0.7,BE+2,TP2,677.1480000000015,2.257160000000005,0.30239000143345846,0.5754310344827587,464,4,0.8058808839503087
8.0,15.0,20.0,0.7,BE+2,TP2,650.1500000000024,2.1671666666666747,0.2766237550981346,0.5538793103448276,464,4,0.7999785614586499
6.0,30.0,20.0,0.7,BE+2,TP2,674.5480000000018,2.2484933333333395,0.3042532971837679,0.5775862068965517,464,4,0.7995184110865563
8.0,25.0,20.0,0.5,BE,TP2,664.5990000000029,2.2153300000000096,0.2936312654526867,0.5538793103448276,464,4,0.7989991682375783
8.0,25.0,20.0,0.3,BE,TP2,664.5990000000029,2.2153300000000096,0.2936312654526867,0.5538793103448276,464,4,0.7989991682375783
10.0,20.0,20.0,0.5,BE+2,TP2,662.7100000000034,2.2090333333333447,0.2920233784157325,0.5387931034482759,464,4,0.7983234532471128
10.0,20.0,20.0,0.3,BE+2,TP2,662.7100000000034,2.2090333333333447,0.2920233784157325,0.5387931034482759,464,4,0.7983234532471128
10.0,15.0,20.0,0.7,BE+2,TP2,661.0560000000025,2.2035200000000086,0.29034106752750316,0.540948275862069,464,4,0.7980956405658417
6.0,30.0,20.0,0.7,ORIG,TP2,675.9210000000035,2.2530700000000117,0.30800674236110703,0.5387931034482759,464,4,0.7964846284648301
10.0,30.0,20.0,0.3,ORIG,TP2,654.8220000000038,2.1827400000000123,0.28454068547916145,0.5323275862068966,464,4,0.7964510429247195
10.0,30.0,20.0,0.5,ORIG,TP2,654.8220000000038,2.1827400000000123,0.28454068547916145,0.5323275862068966,464,4,0.7964510429247195
6.0,15.0,20.0,0.7,ORIG,TP2,699.363000000003,2.33121000000001,0.3383355108156324,0.5474137931034483,464,4,0.7896345064847424
8.0,25.0,20.0,0.7,BE,TP2,658.2230000000025,2.1940766666666747,0.2936312654526867,0.5538793103448276,464,4,0.7893590966674785
10.0,30.0,20.0,0.5,BE,TP2,647.6420000000032,2.1588066666666776,0.28340140228045857,0.5387931034482759,464,4,0.7869637068143522
10.0,30.0,20.0,0.3,BE,TP2,647.6420000000032,2.1588066666666776,0.28340140228045857,0.5387931034482759,464,4,0.7869637068143522
8.0,15.0,25.0,0.5,BE+2,TP2,619.7600000000018,2.0658666666666727,0.25223361959788504,0.5517241379310345,464,4,0.7850344452103041
8.0,15.0,25.0,0.7,BE+2,TP2,619.7600000000018,2.0658666666666727,0.25223361959788504,0.5517241379310345,464,4,0.7850344452103041
8.0,15.0,25.0,0.3,BE+2,TP2,619.7600000000018,2.0658666666666727,0.25223361959788504,0.5517241379310345,464,4,0.7850344452103041
4.0,15.0,20.0,0.7,ORIG,TP2,711.1050000000023,2.3703500000000077,0.356284111773434,0.5517241379310345,464,4,0.7820540726742836
6.0,20.0,20.0,0.7,BE,TP2,655.2590000000018,2.1841966666666726,0.30127677864936886,0.5775862068965517,464,4,0.7745244514919087
10.0,25.0,20.0,0.5,ORIG,TP2,667.8340000000032,2.2261133333333443,0.3157467346798713,0.5323275862068966,464,4,0.7739990731866261
10.0,25.0,20.0,0.3,ORIG,TP2,667.8340000000032,2.2261133333333443,0.3157467346798713,0.5323275862068966,464,4,0.7739990731866261
10.0,25.0,20.0,0.3,BE,TP2,664.6810000000032,2.2156033333333442,0.3157467346798713,0.5387931034482759,464,4,0.7692666598412191
10.0,25.0,20.0,0.5,BE,TP2,664.6810000000032,2.2156033333333442,0.3157467346798713,0.5387931034482759,464,4,0.7692666598412191
10.0,15.0,25.0,0.3,BE,TP2,608.4330000000018,2.028110000000006,0.2549535483929696,0.540948275862069,464,4,0.7629170345586247
10.0,15.0,25.0,0.5,BE,TP2,608.4330000000018,2.028110000000006,0.2549535483929696,0.540948275862069,464,4,0.7629170345586247
10.0,15.0,25.0,0.7,BE,TP2,608.4330000000018,2.028110000000006,0.2549535483929696,0.540948275862069,464,4,0.7629170345586247
10.0,20.0,20.0,0.5,BE,TP2,655.0980000000034,2.1836600000000113,0.31127648294684757,0.5387931034482759,464,4,0.7607791161297179
10.0,20.0,20.0,0.3,BE,TP2,655.0980000000034,2.1836600000000113,0.31127648294684757,0.5387931034482759,464,4,0.7607791161297179
10.0,15.0,25.0,0.5,BE+2,TP2,602.8990000000019,2.00966333333334,0.2536640291869539,0.540948275862069,464,4,0.7555207727855398
10.0,15.0,25.0,0.3,BE+2,TP2,602.8990000000019,2.00966333333334,0.2536640291869539,0.540948275862069,464,4,0.7555207727855398
10.0,15.0,25.0,0.7,BE+2,TP2,602.8990000000019,2.00966333333334,0.2536640291869539,0.540948275862069,464,4,0.7555207727855398
4.0,30.0,25.0,0.5,BE,TP2,597.5030000000011,1.9916766666666703,0.2486781270492138,0.5732758620689655,464,4,0.7532613585409251
4.0,30.0,25.0,0.3,BE,TP2,597.5030000000011,1.9916766666666703,0.2486781270492138,0.5732758620689655,464,4,0.7532613585409251
4.0,30.0,25.0,0.7,BE,TP2,597.5030000000011,1.9916766666666703,0.2486781270492138,0.5732758620689655,464,4,0.7532613585409251
6.0,20.0,20.0,0.7,BE+2,TP2,644.3280000000011,2.147760000000004,0.30821016672693546,0.5775862068965517,464,4,0.7483417134792143
5.0,15.0,20.0,0.7,ORIG,TP2,684.6660000000027,2.282220000000009,0.3571097821873154,0.5560344827586207,464,4,0.7430504475010125
5.0,25.0,20.0,0.5,BE,TP2,702.2930000000006,2.3409766666666685,0.30270014293445774,0.6142241379310345,464,3,0.7419230282471205
5.0,25.0,20.0,0.3,BE,TP2,702.2930000000006,2.3409766666666685,0.30270014293445774,0.6142241379310345,464,3,0.7419230282471205
10.0,30.0,20.0,0.7,ORIG,TP2,612.8870000000034,2.0429566666666776,0.28454068547916145,0.5323275862068966,464,4,0.730268179575723
10.0,25.0,20.0,0.7,ORIG,TP2,638.0170000000032,2.126723333333344,0.3157467346798713,0.5323275862068966,464,4,0.7283243622838006
6.0,15.0,25.0,0.5,BE,TP2,598.4940000000015,1.994980000000005,0.2695329846957374,0.5646551724137931,464,4,0.726764495889676
6.0,15.0,25.0,0.7,BE,TP2,598.4940000000015,1.994980000000005,0.2695329846957374,0.5646551724137931,464,4,0.726764495889676
6.0,15.0,25.0,0.3,BE,TP2,598.4940000000015,1.994980000000005,0.2695329846957374,0.5646551724137931,464,4,0.726764495889676
6.0,15.0,20.0,0.5,BE+2,TP2,647.3640000000019,2.1578800000000062,0.3315368373246301,0.5732758620689655,464,4,0.7215515278580074
6.0,15.0,20.0,0.3,BE+2,TP2,647.3640000000019,2.1578800000000062,0.3315368373246301,0.5732758620689655,464,4,0.7215515278580074
6.0,15.0,20.0,0.7,BE+2,TP2,645.3640000000019,2.1512133333333394,0.3315368373246301,0.5732758620689655,464,4,0.71845729365605
8.0,25.0,20.0,0.5,ORIG,TP2,618.0140000000029,2.0600466666666764,0.30385457492149665,0.5301724137931034,464,4,0.7125249601225652
8.0,25.0,20.0,0.3,ORIG,TP2,618.0140000000029,2.0600466666666764,0.30385457492149665,0.5301724137931034,464,4,0.7125249601225652
10.0,25.0,20.0,0.7,BE,TP2,621.950000000003,2.0731666666666766,0.3157467346798713,0.5387931034482759,464,4,0.7028191371819511
6.0,15.0,20.0,0.5,BE,TP2,612.436000000002,2.04145333333334,0.30958633017795295,0.5732758620689655,464,4,0.6957204267670902
6.0,15.0,20.0,0.3,BE,TP2,612.436000000002,2.04145333333334,0.30958633017795295,0.5732758620689655,464,4,0.6957204267670902
5.0,25.0,20.0,0.7,BE,TP2,670.3440000000005,2.234480000000002,0.30270014293445774,0.6142241379310345,464,3,0.6953633458415744
5.0,15.0,20.0,0.3,BE+2,TP2,633.4960000000012,2.1116533333333374,0.3370503206580124,0.5926724137931034,464,4,0.6924532780688826
5.0,15.0,20.0,0.5,BE+2,TP2,633.4960000000012,2.1116533333333374,0.3370503206580124,0.5926724137931034,464,4,0.6924532780688826
5.0,20.0,20.0,0.7,BE,TP2,614.0160000000005,2.046720000000002,0.3144248255953812,0.5991379310344828,464,4,0.6917649972295792
4.0,15.0,20.0,0.5,ORIG,TP2,649.6590000000026,2.165530000000009,0.356284111773434,0.5474137931034483,464,4,0.6916815842959363
4.0,15.0,20.0,0.3,ORIG,TP2,649.6590000000026,2.165530000000009,0.356284111773434,0.5474137931034483,464,4,0.6916815842959363
6.0,15.0,20.0,0.7,BE,TP2,607.456000000002,2.02485333333334,0.30958633017795295,0.5732758620689655,464,4,0.687555724211697
4.0,15.0,20.0,0.7,BE,TP2,576.8060000000005,1.9226866666666682,0.2737373011063054,0.5948275862068966,464,4,0.6841781569860641
4.0,15.0,20.0,0.5,BE,TP2,576.8060000000005,1.9226866666666682,0.2737373011063054,0.5948275862068966,464,4,0.6841781569860641
4.0,15.0,20.0,0.3,BE,TP2,576.8060000000005,1.9226866666666682,0.2737373011063054,0.5948275862068966,464,4,0.6841781569860641
5.0,25.0,20.0,0.7,BE+2,TP2,593.2559999999999,1.9775199999999995,0.29523187459177,0.5969827586206896,464,4,0.6832805036896634
5.0,20.0,20.0,0.5,BE,TP2,605.4490000000005,2.018163333333335,0.3144248255953812,0.5991379310344828,464,4,0.677714342324995
5.0,20.0,20.0,0.3,BE,TP2,605.4490000000005,2.018163333333335,0.3144248255953812,0.5991379310344828,464,4,0.677714342324995
5.0,20.0,20.0,0.3,BE+2,TP2,604.8440000000005,2.0161466666666685,0.31492599326830334,0.5991379310344828,464,4,0.6760380079734158
5.0,20.0,20.0,0.5,BE+2,TP2,604.8440000000005,2.0161466666666685,0.31492599326830334,0.5991379310344828,464,4,0.6760380079734158
10.0,15.0,20.0,0.3,BE,TP2,584.7840000000026,1.9492800000000088,0.2903309798192923,0.540948275862069,464,4,0.6755132508679201
10.0,15.0,20.0,0.5,BE,TP2,584.7840000000026,1.9492800000000088,0.2903309798192923,0.540948275862069,464,4,0.6755132508679201
4.0,20.0,20.0,0.3,BE+2,TP2,580.6359999999997,1.9354533333333324,0.286683857741189,0.6056034482758621,464,4,0.6733183718841007
4.0,20.0,20.0,0.7,BE+2,TP2,580.6359999999997,1.9354533333333324,0.286683857741189,0.6056034482758621,464,4,0.6733183718841007
4.0,20.0,20.0,0.5,BE+2,TP2,580.6359999999997,1.9354533333333324,0.286683857741189,0.6056034482758621,464,4,0.6733183718841007
5.0,25.0,20.0,0.5,BE+2,TP2,587.2559999999999,1.9575199999999995,0.29523187459177,0.5969827586206896,464,4,0.6731153352454023
5.0,25.0,20.0,0.3,BE+2,TP2,587.2559999999999,1.9575199999999995,0.29523187459177,0.5969827586206896,464,4,0.6731153352454023
10.0,15.0,20.0,0.5,BE+2,TP2,583.1750000000025,1.943916666666675,0.29034106752750316,0.540948275862069,464,4,0.6727443970162936
10.0,15.0,20.0,0.3,BE+2,TP2,583.1750000000025,1.943916666666675,0.29034106752750316,0.540948275862069,464,4,0.6727443970162936
6.0,30.0,20.0,0.3,BE,TP2,583.6400000000015,1.9454666666666716,0.2927688323899284,0.5775862068965517,464,4,0.6702639560132198
6.0,30.0,20.0,0.5,BE,TP2,583.6400000000015,1.9454666666666716,0.2927688323899284,0.5775862068965517,464,4,0.6702639560132198
6.0,30.0,20.0,0.7,BE,TP2,583.6400000000015,1.9454666666666716,0.2927688323899284,0.5775862068965517,464,4,0.6702639560132198
5.0,15.0,20.0,0.7,BE+2,TP2,617.4960000000012,2.058320000000004,0.3370503206580124,0.5926724137931034,464,4,0.6668721832038425
10.0,30.0,20.0,0.5,BE+2,TP2,581.2250000000026,1.9374166666666754,0.2973874136542075,0.5387931034482759,464,4,0.6598824621345123
10.0,30.0,20.0,0.3,BE+2,TP2,581.2250000000026,1.9374166666666754,0.2973874136542075,0.5387931034482759,464,4,0.6598824621345123
8.0,25.0,20.0,0.7,ORIG,TP2,584.1250000000025,1.9470833333333417,0.30385457492149665,0.5301724137931034,464,4,0.656128850220373
5.0,20.0,20.0,0.7,BE+2,TP2,592.5410000000004,1.9751366666666679,0.31492599326830334,0.5991379310344828,464,4,0.6554875033590197
6.0,30.0,20.0,0.3,ORIG,TP2,585.374000000003,1.9512466666666766,0.30800674236110703,0.5366379310344828,464,4,0.6526593823519151
6.0,30.0,20.0,0.5,ORIG,TP2,585.374000000003,1.9512466666666766,0.30800674236110703,0.5366379310344828,464,4,0.6526593823519151
5.0,30.0,20.0,0.7,BE,TP2,636.5170000000005,2.121723333333335,0.29650242811152977,0.6163793103448276,464,3,0.6519503735964793
4.0,15.0,20.0,0.5,BE+2,TP2,580.7460000000005,1.9358200000000019,0.3040824890831416,0.5969827586206896,464,4,0.6500196490630711
4.0,15.0,20.0,0.7,BE+2,TP2,580.7460000000005,1.9358200000000019,0.3040824890831416,0.5969827586206896,464,4,0.6500196490630711
4.0,15.0,20.0,0.3,BE+2,TP2,580.7460000000005,1.9358200000000019,0.3040824890831416,0.5969827586206896,464,4,0.6500196490630711
5.0,25.0,25.0,0.3,BE,TP2,558.0160000000012,1.8600533333333373,0.2885288987571395,0.5689655172413793,464,4,0.6310911478270125
5.0,25.0,25.0,0.7,BE,TP2,558.0160000000012,1.8600533333333373,0.2885288987571395,0.5689655172413793,464,4,0.6310911478270125
5.0,25.0,25.0,0.5,BE,TP2,558.0160000000012,1.8600533333333373,0.2885288987571395,0.5689655172413793,464,4,0.6310911478270125
10.0,25.0,20.0,0.7,BE+2,TP2,589.4690000000021,1.9648966666666736,0.33136358460816995,0.5387931034482759,464,4,0.628098817779374
5.0,15.0,20.0,0.3,ORIG,TP2,610.1750000000022,2.033916666666674,0.3571097821873154,0.5517241379310345,464,4,0.627865120660482
5.0,15.0,20.0,0.5,ORIG,TP2,610.1750000000022,2.033916666666674,0.3571097821873154,0.5517241379310345,464,4,0.627865120660482
10.0,25.0,20.0,0.5,BE+2,TP2,586.9550000000022,1.956516666666674,0.33136358460816995,0.5387931034482759,464,4,0.623824842024191
10.0,25.0,20.0,0.3,BE+2,TP2,586.9550000000022,1.956516666666674,0.33136358460816995,0.5387931034482759,464,4,0.623824842024191
5.0,30.0,20.0,0.5,BE,TP2,612.9500000000005,2.0431666666666684,0.29650242811152977,0.6163793103448276,464,3,0.6142226139342379
5.0,30.0,20.0,0.3,BE,TP2,612.9500000000005,2.0431666666666684,0.29650242811152977,0.6163793103448276,464,3,0.6142226139342379
5.0,15.0,20.0,0.7,BE,TP2,579.5000000000014,1.9316666666666713,0.33483568428075955,0.5905172413793104,464,4,0.6063550143445824
5.0,15.0,20.0,0.5,BE,TP2,579.5000000000014,1.9316666666666713,0.33483568428075955,0.5905172413793104,464,4,0.6063550143445824
5.0,15.0,20.0,0.3,BE,TP2,579.5000000000014,1.9316666666666713,0.33483568428075955,0.5905172413793104,464,4,0.6063550143445824
6.0,15.0,20.0,0.3,ORIG,TP2,580.6680000000024,1.935560000000008,0.3383355108156324,0.5431034482758621,464,4,0.6036437506956529
6.0,15.0,20.0,0.5,ORIG,TP2,580.6680000000024,1.935560000000008,0.3383355108156324,0.5431034482758621,464,4,0.6036437506956529
5.0,30.0,20.0,0.7,BE+2,TP2,616.2300000000005,2.0541000000000014,0.3126471810500064,0.6163793103448276,464,3,0.597764101395482
4.0,25.0,20.0,0.7,BE,TP2,593.6539999999998,1.978846666666666,0.3009459390733871,0.6271551724137931,464,3,0.5762371656607496
4.0,20.0,20.0,0.5,BE,TP2,583.4779999999998,1.944926666666666,0.2886318237982074,0.6120689655172413,464,3,0.5755713107187521
4.0,20.0,20.0,0.3,BE,TP2,583.4779999999998,1.944926666666666,0.2886318237982074,0.6120689655172413,464,3,0.5755713107187521
4.0,20.0,20.0,0.7,BE,TP2,583.4779999999998,1.944926666666666,0.2886318237982074,0.6120689655172413,464,3,0.5755713107187521
4.0,30.0,20.0,0.5,BE,TP2,580.1619999999994,1.9338733333333311,0.2861494014536566,0.6163793103448276,464,3,0.5732232082667816
4.0,30.0,20.0,0.3,BE,TP2,580.1619999999994,1.9338733333333311,0.2861494014536566,0.6163793103448276,464,3,0.5732232082667816
4.0,30.0,20.0,0.7,BE,TP2,580.1619999999994,1.9338733333333311,0.2861494014536566,0.6163793103448276,464,3,0.5732232082667816
4.0,25.0,20.0,0.5,BE,TP2,591.6339999999998,1.9721133333333327,0.3009459390733871,0.6271551724137931,464,3,0.5728287080443287
4.0,25.0,20.0,0.3,BE,TP2,591.6339999999998,1.9721133333333327,0.3009459390733871,0.6271551724137931,464,3,0.5728287080443287
6.0,25.0,20.0,0.7,BE,TP2,615.4750000000013,2.0515833333333378,0.3363883678752457,0.5775862068965517,464,3,0.5644875561275788
5.0,30.0,20.0,0.5,BE+2,TP2,589.3800000000003,1.964600000000001,0.3126471810500064,0.6163793103448276,464,3,0.5532149678411241
5.0,30.0,20.0,0.3,BE+2,TP2,589.3800000000003,1.964600000000001,0.3126471810500064,0.6163793103448276,464,3,0.5532149678411241
6.0,25.0,20.0,0.3,BE,TP2,599.4550000000013,1.9981833333333376,0.3363883678752457,0.5775862068965517,464,3,0.5381141378103272
6.0,25.0,20.0,0.5,BE,TP2,599.4550000000013,1.9981833333333376,0.3363883678752457,0.5775862068965517,464,3,0.5381141378103272
4.0,25.0,20.0,0.7,BE+2,TP2,580.732,1.9357733333333333,0.32033789044193145,0.6271551724137931,464,3,0.5280507500135854
4.0,25.0,20.0,0.5,BE+2,TP2,580.732,1.9357733333333333,0.32033789044193145,0.6271551724137931,464,3,0.5280507500135854
4.0,25.0,20.0,0.3,BE+2,TP2,580.732,1.9357733333333333,0.32033789044193145,0.6271551724137931,464,3,0.5280507500135854
4.0,30.0,20.0,0.7,BE+2,TP2,579.346,1.9311533333333333,0.35130382072418276,0.6293103448275862,464,3,0.4838572484960991
4.0,30.0,20.0,0.5,BE+2,TP2,579.346,1.9311533333333333,0.35130382072418276,0.6293103448275862,464,3,0.4838572484960991
4.0,30.0,20.0,0.3,BE+2,TP2,579.346,1.9311533333333333,0.35130382072418276,0.6293103448275862,464,3,0.4838572484960991
6.0,20.0,15.0,0.3,BE+2,TP2,564.5550000000026,1.8818500000000085,0.45979935788441295,0.5603448275862069,464,2,0.21152620239861802
6.0,20.0,15.0,0.5,BE+2,TP2,564.5550000000026,1.8818500000000085,0.45979935788441295,0.5603448275862069,464,2,0.21152620239861802
6.0,20.0,15.0,0.7,BE+2,TP2,561.3060000000025,1.8710200000000086,0.45979935788441295,0.5603448275862069,464,2,0.20575460356173886
5.0,20.0,15.0,0.5,BE,TP2,544.1430000000023,1.8138100000000077,0.4765749365714563,0.5732758620689655,464,2,0.1520534409316921
5.0,20.0,15.0,0.3,BE,TP2,544.1430000000023,1.8138100000000077,0.4765749365714563,0.5732758620689655,464,2,0.1520534409316921
10.0,20.0,20.0,0.7,BE+2,TP1,385.02400000000125,1.2834133333333375,0.3688501099524729,0.5431034482758621,464,4,0.15157554691517433
10.0,20.0,20.0,0.3,BE+2,TP1,385.02400000000125,1.2834133333333375,0.3688501099524729,0.5431034482758621,464,4,0.15157554691517433
10.0,20.0,20.0,0.5,BE+2,TP1,385.02400000000125,1.2834133333333375,0.3688501099524729,0.5431034482758621,464,4,0.15157554691517433
6.0,15.0,15.0,0.3,ORIG,TP2,547.2050000000045,1.8240166666666815,0.4814907447934378,0.5280172413793104,464,2,0.1510285235661612
6.0,15.0,15.0,0.5,ORIG,TP2,547.2050000000045,1.8240166666666815,0.4814907447934378,0.5280172413793104,464,2,0.1510285235661612
10.0,25.0,20.0,0.3,BE+2,TP1,384.5980000000011,1.2819933333333369,0.3688501099524729,0.5431034482758621,464,4,0.15046850984111318
10.0,30.0,20.0,0.5,BE+2,TP1,384.5980000000011,1.2819933333333369,0.3688501099524729,0.5431034482758621,464,4,0.15046850984111318
10.0,30.0,20.0,0.7,BE+2,TP1,384.5980000000011,1.2819933333333369,0.3688501099524729,0.5431034482758621,464,4,0.15046850984111318
10.0,25.0,20.0,0.5,BE+2,TP1,384.5980000000011,1.2819933333333369,0.3688501099524729,0.5431034482758621,464,4,0.15046850984111318
10.0,30.0,20.0,0.3,BE+2,TP1,384.5980000000011,1.2819933333333369,0.3688501099524729,0.5431034482758621,464,4,0.15046850984111318
10.0,25.0,20.0,0.7,BE+2,TP1,384.5980000000011,1.2819933333333369,0.3688501099524729,0.5431034482758621,464,4,0.15046850984111318
10.0,15.0,20.0,0.3,BE+2,TP1,383.94700000000125,1.2798233333333375,0.3688501099524729,0.5431034482758621,464,4,0.14877439913660562
10.0,15.0,20.0,0.5,BE+2,TP1,383.94700000000125,1.2798233333333375,0.3688501099524729,0.5431034482758621,464,4,0.14877439913660562
10.0,15.0,20.0,0.7,BE+2,TP1,383.94700000000125,1.2798233333333375,0.3688501099524729,0.5431034482758621,464,4,0.14877439913660562
6.0,15.0,15.0,0.7,ORIG,TP2,542.2690000000043,1.8075633333333478,0.4814907447934378,0.5301724137931034,464,2,0.14196720815435776
5.0,20.0,15.0,0.7,BE,TP2,534.9140000000023,1.7830466666666742,0.4765749365714563,0.5732758620689655,464,2,0.13494734728350183
4.0,20.0,15.0,0.3,BE,TP2,527.0200000000013,1.756733333333338,0.46793933733237847,0.5948275862068966,464,2,0.13173791843048127
4.0,20.0,15.0,0.5,BE,TP2,527.0200000000013,1.756733333333338,0.46793933733237847,0.5948275862068966,464,2,0.13173791843048127
10.0,30.0,20.0,0.3,ORIG,TP1,375.0200000000011,1.2500666666666704,0.3688501099524729,0.5431034482758621,464,4,0.12524923478953603
10.0,25.0,20.0,0.5,ORIG,TP1,375.0200000000011,1.2500666666666704,0.3688501099524729,0.5431034482758621,464,4,0.12524923478953603
10.0,30.0,20.0,0.5,ORIG,TP1,375.0200000000011,1.2500666666666704,0.3688501099524729,0.5431034482758621,464,4,0.12524923478953603
10.0,15.0,20.0,0.7,ORIG,TP1,375.0200000000011,1.2500666666666704,0.3688501099524729,0.5431034482758621,464,4,0.12524923478953603
10.0,30.0,20.0,0.7,ORIG,TP1,375.0200000000011,1.2500666666666704,0.3688501099524729,0.5431034482758621,464,4,0.12524923478953603
10.0,15.0,20.0,0.5,ORIG,TP1,375.0200000000011,1.2500666666666704,0.3688501099524729,0.5431034482758621,464,4,0.12524923478953603
10.0,15.0,20.0,0.3,ORIG,TP1,375.0200000000011,1.2500666666666704,0.3688501099524729,0.5431034482758621,464,4,0.12524923478953603
10.0,20.0,20.0,0.5,ORIG,TP1,375.0200000000011,1.2500666666666704,0.3688501099524729,0.5431034482758621,464,4,0.12524923478953603
10.0,20.0,20.0,0.7,ORIG,TP1,375.0200000000011,1.2500666666666704,0.3688501099524729,0.5431034482758621,464,4,0.12524923478953603
10.0,20.0,20.0,0.3,ORIG,TP1,375.0200000000011,1.2500666666666704,0.3688501099524729,0.5431034482758621,464,4,0.12524923478953603
10.0,25.0,20.0,0.3,ORIG,TP1,375.0200000000011,1.2500666666666704,0.3688501099524729,0.5431034482758621,464,4,0.12524923478953603
10.0,25.0,20.0,0.7,ORIG,TP1,375.0200000000011,1.2500666666666704,0.3688501099524729,0.5431034482758621,464,4,0.12524923478953603
10.0,30.0,20.0,0.3,BE,TP1,373.36900000000105,1.2445633333333368,0.3688501099524729,0.5431034482758621,464,4,0.12083708368003387
10.0,20.0,20.0,0.3,BE,TP1,373.36900000000105,1.2445633333333368,0.3688501099524729,0.5431034482758621,464,4,0.12083708368003387
10.0,15.0,20.0,0.7,BE,TP1,373.36900000000105,1.2445633333333368,0.3688501099524729,0.5431034482758621,464,4,0.12083708368003387
10.0,15.0,20.0,0.3,BE,TP1,373.36900000000105,1.2445633333333368,0.3688501099524729,0.5431034482758621,464,4,0.12083708368003387
10.0,20.0,20.0,0.7,BE,TP1,373.36900000000105,1.2445633333333368,0.3688501099524729,0.5431034482758621,464,4,0.12083708368003387
10.0,20.0,20.0,0.5,BE,TP1,373.36900000000105,1.2445633333333368,0.3688501099524729,0.5431034482758621,464,4,0.12083708368003387
10.0,25.0,20.0,0.7,BE,TP1,373.36900000000105,1.2445633333333368,0.3688501099524729,0.5431034482758621,464,4,0.12083708368003387
10.0,30.0,20.0,0.7,BE,TP1,373.36900000000105,1.2445633333333368,0.3688501099524729,0.5431034482758621,464,4,0.12083708368003387
10.0,30.0,20.0,0.5,BE,TP1,373.36900000000105,1.2445633333333368,0.3688501099524729,0.5431034482758621,464,4,0.12083708368003387
10.0,15.0,20.0,0.5,BE,TP1,373.36900000000105,1.2445633333333368,0.3688501099524729,0.5431034482758621,464,4,0.12083708368003387
10.0,25.0,20.0,0.3,BE,TP1,373.36900000000105,1.2445633333333368,0.3688501099524729,0.5431034482758621,464,4,0.12083708368003387
10.0,25.0,20.0,0.5,BE,TP1,373.36900000000105,1.2445633333333368,0.3688501099524729,0.5431034482758621,464,4,0.12083708368003387
5.0,20.0,15.0,0.3,BE+2,TP2,516.118000000002,1.7203933333333399,0.4721821952881044,0.5754310344827587,464,2,0.10510698321318518
5.0,20.0,15.0,0.5,BE+2,TP2,516.118000000002,1.7203933333333399,0.4721821952881044,0.5754310344827587,464,2,0.10510698321318518
5.0,20.0,15.0,0.5,ORIG,TP2,519.7940000000037,1.732646666666679,0.49119029252109453,0.5280172413793104,464,2,0.0865432096799828
5.0,20.0,15.0,0.3,ORIG,TP2,519.7940000000037,1.732646666666679,0.49119029252109453,0.5280172413793104,464,2,0.0865432096799828
8.0,20.0,15.0,0.7,BE+2,TP2,504.8770000000038,1.682923333333346,0.47318199677654676,0.5366379310344828,464,2,0.08173666494777737
6.0,20.0,15.0,0.7,ORIG,TP2,514.015000000004,1.7133833333333466,0.48870076067227247,0.5237068965517241,464,2,0.07872394634496943
6.0,20.0,15.0,0.3,ORIG,TP2,511.35400000000413,1.704513333333347,0.48870076067227247,0.521551724137931,464,2,0.07353360808848625
6.0,20.0,15.0,0.5,ORIG,TP2,511.35400000000413,1.704513333333347,0.48870076067227247,0.521551724137931,464,2,0.07353360808848625
5.0,20.0,15.0,0.7,ORIG,TP2,508.6660000000036,1.6955533333333452,0.49119029252109453,0.5280172413793104,464,2,0.0649022429997726
5.0,20.0,15.0,0.7,BE+2,TP2,494.6540000000018,1.6488466666666728,0.4721821952881044,0.5754310344827587,464,2,0.0626300899672238
4.0,20.0,15.0,0.7,BE,TP2,490.4650000000013,1.6348833333333377,0.46793933733237847,0.5948275862068966,464,2,0.05985334064513592
4.0,20.0,15.0,0.5,ORIG,TP2,502.0500000000036,1.673500000000012,0.490474939948874,0.5280172413793104,464,2,0.05277607273827151
4.0,20.0,15.0,0.3,ORIG,TP2,502.0500000000036,1.673500000000012,0.490474939948874,0.5280172413793104,464,2,0.05277607273827151
8.0,25.0,15.0,0.3,BE+2,TP2,425.4220000000032,1.418073333333344,0.44301093409449294,0.5323275862068966,464,3,0.051234381777119864
8.0,25.0,15.0,0.7,BE+2,TP2,425.4220000000032,1.418073333333344,0.44301093409449294,0.5323275862068966,464,3,0.051234381777119864
8.0,25.0,15.0,0.5,BE+2,TP2,425.4220000000032,1.418073333333344,0.44301093409449294,0.5323275862068966,464,3,0.051234381777119864
8.0,25.0,15.0,0.3,BE,TP2,429.9940000000031,1.4333133333333437,0.452581180352858,0.5323275862068966,464,3,0.04900418696933301
8.0,25.0,15.0,0.5,BE,TP2,429.9940000000031,1.4333133333333437,0.452581180352858,0.5323275862068966,464,3,0.04900418696933301
8.0,25.0,15.0,0.7,BE,TP2,429.9940000000031,1.4333133333333437,0.452581180352858,0.5323275862068966,464,3,0.04900418696933301
8.0,20.0,15.0,0.3,BE,TP2,461.2580000000039,1.5375266666666796,0.4405162577492714,0.5366379310344828,464,2,0.035478116760061185
8.0,20.0,15.0,0.5,BE,TP2,461.2580000000039,1.5375266666666796,0.4405162577492714,0.5366379310344828,464,2,0.035478116760061185
8.0,20.0,15.0,0.5,BE+2,TP2,470.5070000000039,1.5683566666666797,0.47318199677654676,0.5366379310344828,464,2,0.011232666399815794
8.0,20.0,15.0,0.3,BE+2,TP2,470.5070000000039,1.5683566666666797,0.47318199677654676,0.5366379310344828,464,2,0.011232666399815794
4.0,20.0,15.0,0.7,ORIG,TP2,477.91100000000324,1.5930366666666775,0.490474939948874,0.5280172413793104,464,2,0.003500879099692933
8.0,20.0,15.0,0.7,BE,TP2,431.37400000000343,1.4379133333333447,0.4405162577492714,0.5366379310344828,464,2,-0.0315039593708758
8.0,20.0,15.0,0.5,ORIG,TP2,465.3090000000043,1.5510300000000143,0.49948136000975046,0.5150862068965517,464,2,-0.035380609646045225
8.0,20.0,15.0,0.3,ORIG,TP2,465.3090000000043,1.5510300000000143,0.49948136000975046,0.5150862068965517,464,2,-0.035380609646045225
4.0,20.0,15.0,0.7,BE+2,TP2,443.69300000000044,1.4789766666666682,0.4761131492953222,0.5926724137931034,464,2,-0.051402344369983144
6.0,20.0,15.0,0.7,BE,TP2,430.16600000000244,1.4338866666666747,0.462797384946679,0.5474137931034483,464,2,-0.06438776363175847
6.0,20.0,15.0,0.3,BE,TP2,430.16600000000244,1.4338866666666747,0.462797384946679,0.5474137931034483,464,2,-0.06438776363175847
6.0,20.0,15.0,0.5,BE,TP2,430.16600000000244,1.4338866666666747,0.462797384946679,0.5474137931034483,464,2,-0.06438776363175847
4.0,20.0,15.0,0.3,BE+2,TP2,429.69300000000044,1.4323100000000015,0.4761131492953222,0.5926724137931034,464,2,-0.08346422599181352
4.0,20.0,15.0,0.5,BE+2,TP2,429.69300000000044,1.4323100000000015,0.4761131492953222,0.5926724137931034,464,2,-0.08346422599181352
4.0,15.0,15.0,0.7,BE+2,TP2,427.8940000000016,1.4263133333333387,0.4755204409060493,0.5711206896551724,464,2,-0.08685956852265098
4.0,15.0,15.0,0.3,BE+2,TP2,427.8940000000016,1.4263133333333387,0.4755204409060493,0.5711206896551724,464,2,-0.08685956852265098
4.0,15.0,15.0,0.5,BE+2,TP2,427.8940000000016,1.4263133333333387,0.4755204409060493,0.5711206896551724,464,2,-0.08685956852265098
5.0,15.0,20.0,0.5,BE+2,TP1,377.4939999999999,1.258313333333333,0.3841027355872768,0.6357758620689655,464,2,-0.08876649317599239
5.0,20.0,20.0,0.5,ORIG,TP1,377.4939999999999,1.258313333333333,0.3841027355872768,0.6357758620689655,464,2,-0.08876649317599239
5.0,20.0,20.0,0.5,BE,TP1,377.4939999999999,1.258313333333333,0.3841027355872768,0.6357758620689655,464,2,-0.08876649317599239
5.0,15.0,20.0,0.3,ORIG,TP1,377.4939999999999,1.258313333333333,0.3841027355872768,0.6357758620689655,464,2,-0.08876649317599239
5.0,15.0,20.0,0.7,BE+2,TP1,377.4939999999999,1.258313333333333,0.3841027355872768,0.6357758620689655,464,2,-0.08876649317599239
5.0,20.0,20.0,0.3,BE+2,TP1,377.4939999999999,1.258313333333333,0.3841027355872768,0.6357758620689655,464,2,-0.08876649317599239
5.0,15.0,20.0,0.5,BE,TP1,377.4939999999999,1.258313333333333,0.3841027355872768,0.6357758620689655,464,2,-0.08876649317599239
5.0,15.0,20.0,0.3,BE+2,TP1,377.4939999999999,1.258313333333333,0.3841027355872768,0.6357758620689655,464,2,-0.08876649317599239
5.0,15.0,20.0,0.3,BE,TP1,377.4939999999999,1.258313333333333,0.3841027355872768,0.6357758620689655,464,2,-0.08876649317599239
5.0,20.0,20.0,0.7,ORIG,TP1,377.4939999999999,1.258313333333333,0.3841027355872768,0.6357758620689655,464,2,-0.08876649317599239
5.0,20.0,20.0,0.5,BE+2,TP1,377.4939999999999,1.258313333333333,0.3841027355872768,0.6357758620689655,464,2,-0.08876649317599239
5.0,15.0,20.0,0.7,BE,TP1,377.4939999999999,1.258313333333333,0.3841027355872768,0.6357758620689655,464,2,-0.08876649317599239
5.0,15.0,20.0,0.5,ORIG,TP1,377.4939999999999,1.258313333333333,0.3841027355872768,0.6357758620689655,464,2,-0.08876649317599239
5.0,30.0,20.0,0.3,BE+2,TP1,377.4939999999999,1.258313333333333,0.3841027355872768,0.6357758620689655,464,2,-0.08876649317599239
5.0,20.0,20.0,0.3,BE,TP1,377.4939999999999,1.258313333333333,0.3841027355872768,0.6357758620689655,464,2,-0.08876649317599239
5.0,20.0,20.0,0.3,ORIG,TP1,377.4939999999999,1.258313333333333,0.3841027355872768,0.6357758620689655,464,2,-0.08876649317599239
5.0,15.0,20.0,0.7,ORIG,TP1,377.4939999999999,1.258313333333333,0.3841027355872768,0.6357758620689655,464,2,-0.08876649317599239
5.0,25.0,20.0,0.5,BE+2,TP1,377.4939999999999,1.258313333333333,0.3841027355872768,0.6357758620689655,464,2,-0.08876649317599239
5.0,25.0,20.0,0.3,ORIG,TP1,377.4939999999999,1.258313333333333,0.3841027355872768,0.6357758620689655,464,2,-0.08876649317599239
5.0,25.0,20.0,0.5,ORIG,TP1,377.4939999999999,1.258313333333333,0.3841027355872768,0.6357758620689655,464,2,-0.08876649317599239
5.0,25.0,20.0,0.5,BE,TP1,377.4939999999999,1.258313333333333,0.3841027355872768,0.6357758620689655,464,2,-0.08876649317599239
5.0,30.0,20.0,0.3,ORIG,TP1,377.4939999999999,1.258313333333333,0.3841027355872768,0.6357758620689655,464,2,-0.08876649317599239
5.0,30.0,20.0,0.5,ORIG,TP1,377.4939999999999,1.258313333333333,0.3841027355872768,0.6357758620689655,464,2,-0.08876649317599239
5.0,25.0,20.0,0.7,ORIG,TP1,377.4939999999999,1.258313333333333,0.3841027355872768,0.6357758620689655,464,2,-0.08876649317599239
5.0,30.0,20.0,0.7,ORIG,TP1,377.4939999999999,1.258313333333333,0.3841027355872768,0.6357758620689655,464,2,-0.08876649317599239
5.0,30.0,20.0,0.7,BE,TP1,377.4939999999999,1.258313333333333,0.3841027355872768,0.6357758620689655,464,2,-0.08876649317599239
5.0,30.0,20.0,0.7,BE+2,TP1,377.4939999999999,1.258313333333333,0.3841027355872768,0.6357758620689655,464,2,-0.08876649317599239
5.0,30.0,20.0,0.5,BE+2,TP1,377.4939999999999,1.258313333333333,0.3841027355872768,0.6357758620689655,464,2,-0.08876649317599239
5.0,30.0,20.0,0.3,BE,TP1,377.4939999999999,1.258313333333333,0.3841027355872768,0.6357758620689655,464,2,-0.08876649317599239
5.0,25.0,20.0,0.7,BE,TP1,377.4939999999999,1.258313333333333,0.3841027355872768,0.6357758620689655,464,2,-0.08876649317599239
5.0,25.0,20.0,0.7,BE+2,TP1,377.4939999999999,1.258313333333333,0.3841027355872768,0.6357758620689655,464,2,-0.08876649317599239
5.0,20.0,20.0,0.7,BE,TP1,377.4939999999999,1.258313333333333,0.3841027355872768,0.6357758620689655,464,2,-0.08876649317599239
5.0,20.0,20.0,0.7,BE+2,TP1,377.4939999999999,1.258313333333333,0.3841027355872768,0.6357758620689655,464,2,-0.08876649317599239
5.0,25.0,20.0,0.3,BE,TP1,377.4939999999999,1.258313333333333,0.3841027355872768,0.6357758620689655,464,2,-0.08876649317599239
5.0,25.0,20.0,0.3,BE+2,TP1,377.4939999999999,1.258313333333333,0.3841027355872768,0.6357758620689655,464,2,-0.08876649317599239
5.0,30.0,20.0,0.5,BE,TP1,377.4939999999999,1.258313333333333,0.3841027355872768,0.6357758620689655,464,2,-0.08876649317599239
4.0,15.0,15.0,0.5,BE,TP2,420.13100000000236,1.4004366666666745,0.47277083165700495,0.5603448275862069,464,2,-0.10145652998601146
4.0,15.0,15.0,0.7,BE,TP2,420.13100000000236,1.4004366666666745,0.47277083165700495,0.5603448275862069,464,2,-0.10145652998601146
4.0,15.0,15.0,0.3,BE,TP2,420.13100000000236,1.4004366666666745,0.47277083165700495,0.5603448275862069,464,2,-0.10145652998601146
10.0,20.0,15.0,0.3,BE,TP2,427.3360000000039,1.4244533333333462,0.4874773425801855,0.5193965517241379,464,2,-0.10430629809679703
10.0,20.0,15.0,0.7,BE,TP2,427.3360000000039,1.4244533333333462,0.4874773425801855,0.5193965517241379,464,2,-0.10430629809679703
10.0,20.0,15.0,0.5,BE,TP2,427.3360000000039,1.4244533333333462,0.4874773425801855,0.5193965517241379,464,2,-0.10430629809679703
6.0,15.0,15.0,0.5,BE+2,TP2,427.79800000000296,1.4259933333333432,0.48839024341590004,0.5431034482758621,464,2,-0.10445818171209609
6.0,15.0,15.0,0.7,BE+2,TP2,427.79800000000296,1.4259933333333432,0.48839024341590004,0.5431034482758621,464,2,-0.10445818171209609
6.0,15.0,15.0,0.3,BE+2,TP2,427.79800000000296,1.4259933333333432,0.48839024341590004,0.5431034482758621,464,2,-0.10445818171209609
4.0,15.0,15.0,0.7,ORIG,TP2,432.0380000000032,1.4401266666666772,0.5033530085113883,0.5301724137931034,464,2,-0.11479548880800927
8.0,20.0,15.0,0.7,ORIG,TP2,428.89900000000375,1.429663333333346,0.49948136000975046,0.5150862068965517,464,2,-0.11686085069505353
6.0,15.0,15.0,0.5,BE,TP2,426.930000000003,1.42310000000001,0.4974874852152282,0.5431034482758621,464,2,-0.11877051433307384
6.0,15.0,15.0,0.3,BE,TP2,426.930000000003,1.42310000000001,0.4974874852152282,0.5431034482758621,464,2,-0.11877051433307384
6.0,15.0,15.0,0.7,BE,TP2,426.930000000003,1.42310000000001,0.4974874852152282,0.5431034482758621,464,2,-0.11877051433307384
5.0,15.0,15.0,0.5,BE,TP2,418.94200000000296,1.3964733333333432,0.48379378019323493,0.5517241379310345,464,2,-0.11917159239752562
5.0,15.0,15.0,0.7,BE,TP2,418.94200000000296,1.3964733333333432,0.48379378019323493,0.5517241379310345,464,2,-0.11917159239752562
5.0,15.0,15.0,0.3,BE,TP2,418.94200000000296,1.3964733333333432,0.48379378019323493,0.5517241379310345,464,2,-0.11917159239752562
4.0,15.0,15.0,0.3,ORIG,TP2,427.73300000000313,1.4257766666666771,0.5033530085113883,0.5301724137931034,464,2,-0.12480986700447694
4.0,15.0,15.0,0.5,ORIG,TP2,427.73300000000313,1.4257766666666771,0.5033530085113883,0.5301724137931034,464,2,-0.12480986700447694
8.0,15.0,15.0,0.3,ORIG,TP2,418.099000000004,1.3936633333333468,0.48956904658149836,0.521551724137931,464,2,-0.12898244095385847
8.0,15.0,15.0,0.7,ORIG,TP2,418.099000000004,1.3936633333333468,0.48956904658149836,0.521551724137931,464,2,-0.12898244095385847
8.0,15.0,15.0,0.5,ORIG,TP2,418.099000000004,1.3936633333333468,0.48956904658149836,0.521551724137931,464,2,-0.12898244095385847
6.0,25.0,15.0,0.5,BE+2,TP2,366.53900000000317,1.2217966666666773,0.4774353118294947,0.5237068965517241,464,3,-0.14421521795520287
6.0,25.0,15.0,0.3,BE+2,TP2,366.53900000000317,1.2217966666666773,0.4774353118294947,0.5237068965517241,464,3,-0.14421521795520287
6.0,25.0,15.0,0.7,BE+2,TP2,366.53900000000317,1.2217966666666773,0.4774353118294947,0.5237068965517241,464,3,-0.14421521795520287
5.0,15.0,15.0,0.7,BE+2,TP2,408.67600000000243,1.3622533333333415,0.4843634106837402,0.5517241379310345,464,2,-0.1447504130128076
5.0,15.0,15.0,0.3,BE+2,TP2,408.67600000000243,1.3622533333333415,0.4843634106837402,0.5517241379310345,464,2,-0.1447504130128076
5.0,15.0,15.0,0.5,BE+2,TP2,408.67600000000243,1.3622533333333415,0.4843634106837402,0.5517241379310345,464,2,-0.1447504130128076
5.0,25.0,15.0,0.7,BE+2,TP2,351.83600000000274,1.1727866666666757,0.4656352469681953,0.5280172413793104,464,3,-0.16922490012543306
5.0,25.0,15.0,0.5,BE+2,TP2,351.83600000000274,1.1727866666666757,0.4656352469681953,0.5280172413793104,464,3,-0.16922490012543306
5.0,25.0,15.0,0.3,BE+2,TP2,351.83600000000274,1.1727866666666757,0.4656352469681953,0.5280172413793104,464,3,-0.16922490012543306
6.0,25.0,15.0,0.7,BE,TP2,356.84000000000333,1.1894666666666778,0.4792835299711301,0.5237068965517241,464,3,-0.17352773807163469
6.0,25.0,15.0,0.3,BE,TP2,356.84000000000333,1.1894666666666778,0.4792835299711301,0.5237068965517241,464,3,-0.17352773807163469
6.0,25.0,15.0,0.5,BE,TP2,356.84000000000333,1.1894666666666778,0.4792835299711301,0.5237068965517241,464,3,-0.17352773807163469
5.0,25.0,15.0,0.5,BE,TP2,355.5610000000024,1.1852033333333414,0.49336259797529963,0.5344827586206896,464,3,-0.1961251580884853
5.0,25.0,15.0,0.3,BE,TP2,355.5610000000024,1.1852033333333414,0.49336259797529963,0.5344827586206896,464,3,-0.1961251580884853
5.0,25.0,15.0,0.7,BE,TP2,355.5610000000024,1.1852033333333414,0.49336259797529963,0.5344827586206896,464,3,-0.1961251580884853
5.0,15.0,15.0,0.7,ORIG,TP2,396.1970000000033,1.3206566666666777,0.516184359203091,0.5280172413793104,464,2,-0.21871979727794932
5.0,15.0,15.0,0.5,ORIG,TP2,396.1970000000033,1.3206566666666777,0.516184359203091,0.5280172413793104,464,2,-0.21871979727794932
5.0,15.0,15.0,0.3,ORIG,TP2,396.1970000000033,1.3206566666666777,0.516184359203091,0.5280172413793104,464,2,-0.21871979727794932
6.0,30.0,15.0,0.5,BE+2,TP2,337.58000000000334,1.1252666666666777,0.4757215646601658,0.5237068965517241,464,3,-0.22420406768663337
6.0,30.0,15.0,0.3,BE+2,TP2,337.58000000000334,1.1252666666666777,0.4757215646601658,0.5237068965517241,464,3,-0.22420406768663337
6.0,30.0,15.0,0.7,BE+2,TP2,337.58000000000334,1.1252666666666777,0.4757215646601658,0.5237068965517241,464,3,-0.22420406768663337
5.0,30.0,15.0,0.7,BE,TP2,329.54600000000255,1.0984866666666753,0.48217667152138594,0.5301724137931034,464,3,-0.25700503154861565
5.0,30.0,15.0,0.3,BE,TP2,329.54600000000255,1.0984866666666753,0.48217667152138594,0.5301724137931034,464,3,-0.25700503154861565
5.0,30.0,15.0,0.5,BE,TP2,329.54600000000255,1.0984866666666753,0.48217667152138594,0.5301724137931034,464,3,-0.25700503154861565
6.0,25.0,15.0,0.7,ORIG,TP2,348.4620000000034,1.1615400000000113,0.5254209390365713,0.5107758620689655,464,3,-0.25957155683758537
6.0,25.0,15.0,0.3,ORIG,TP2,348.4620000000034,1.1615400000000113,0.5254209390365713,0.5107758620689655,464,3,-0.25957155683758537
6.0,25.0,15.0,0.5,ORIG,TP2,348.4620000000034,1.1615400000000113,0.5254209390365713,0.5107758620689655,464,3,-0.25957155683758537
5.0,30.0,15.0,0.7,BE+2,TP2,332.7700000000025,1.1092333333333415,0.500804143028155,0.5323275862068966,464,3,-0.27241650709115406
5.0,30.0,15.0,0.5,BE+2,TP2,332.7700000000025,1.1092333333333415,0.500804143028155,0.5323275862068966,464,3,-0.27241650709115406
5.0,30.0,15.0,0.3,BE+2,TP2,332.7700000000025,1.1092333333333415,0.500804143028155,0.5323275862068966,464,3,-0.27241650709115406
10.0,15.0,15.0,0.7,ORIG,TP2,377.39800000000423,1.2579933333333475,0.5419698530782007,0.5172413793103449,464,2,-0.302141442808417
10.0,15.0,15.0,0.5,ORIG,TP2,377.58100000000445,1.2586033333333482,0.5427141577606343,0.5129310344827587,464,2,-0.3026614724242929
10.0,15.0,15.0,0.3,ORIG,TP2,377.58100000000445,1.2586033333333482,0.5427141577606343,0.5129310344827587,464,2,-0.3026614724242929
4.0,30.0,15.0,0.7,BE+2,TP2,340.34000000000265,1.1344666666666754,0.46755183971124176,0.5366379310344828,464,2,-0.3050323403230792
4.0,30.0,15.0,0.3,BE+2,TP2,340.34000000000265,1.1344666666666754,0.46755183971124176,0.5366379310344828,464,2,-0.3050323403230792
4.0,30.0,15.0,0.5,BE+2,TP2,340.34000000000265,1.1344666666666754,0.46755183971124176,0.5366379310344828,464,2,-0.3050323403230792
6.0,30.0,15.0,0.7,BE,TP2,326.17600000000334,1.0872533333333445,0.5188221544993961,0.5237068965517241,464,3,-0.3167552702443732
6.0,30.0,15.0,0.3,BE,TP2,326.17600000000334,1.0872533333333445,0.5188221544993961,0.5237068965517241,464,3,-0.3167552702443732
6.0,30.0,15.0,0.5,BE,TP2,326.17600000000334,1.0872533333333445,0.5188221544993961,0.5237068965517241,464,3,-0.3167552702443732
4.0,25.0,15.0,0.7,BE+2,TP2,341.26000000000226,1.1375333333333408,0.47855199449036856,0.540948275862069,464,2,-0.3171830171190732
4.0,25.0,15.0,0.3,BE+2,TP2,341.26000000000226,1.1375333333333408,0.47855199449036856,0.540948275862069,464,2,-0.3171830171190732
4.0,25.0,15.0,0.5,BE+2,TP2,341.26000000000226,1.1375333333333408,0.47855199449036856,0.540948275862069,464,2,-0.3171830171190732
8.0,15.0,15.0,0.7,BE,TP2,333.2500000000034,1.1108333333333447,0.4677771395749542,0.5323275862068966,464,2,-0.32638865402356104
4.0,30.0,15.0,0.7,BE,TP2,333.03400000000283,1.1101133333333428,0.47187566631476224,0.5452586206896551,464,2,-0.33257003731064044
4.0,30.0,15.0,0.3,BE,TP2,333.03400000000283,1.1101133333333428,0.47187566631476224,0.5452586206896551,464,2,-0.33257003731064044
4.0,30.0,15.0,0.5,BE,TP2,333.03400000000283,1.1101133333333428,0.47187566631476224,0.5452586206896551,464,2,-0.33257003731064044
8.0,15.0,15.0,0.3,BE+2,TP2,333.1920000000039,1.110640000000013,0.4792422750751566,0.5258620689655172,464,2,-0.3420406456070399
8.0,15.0,15.0,0.7,BE+2,TP2,333.1920000000039,1.110640000000013,0.4792422750751566,0.5258620689655172,464,2,-0.3420406456070399
8.0,15.0,15.0,0.5,BE+2,TP2,333.1920000000039,1.110640000000013,0.4792422750751566,0.5258620689655172,464,2,-0.3420406456070399
5.0,25.0,15.0,0.7,ORIG,TP2,320.7330000000029,1.0691100000000098,0.53359350279506,0.5129310344827587,464,3,-0.3535247021177912
5.0,25.0,15.0,0.3,ORIG,TP2,320.7330000000029,1.0691100000000098,0.53359350279506,0.5129310344827587,464,3,-0.3535247021177912
5.0,25.0,15.0,0.5,ORIG,TP2,320.7330000000029,1.0691100000000098,0.53359350279506,0.5129310344827587,464,3,-0.3535247021177912
8.0,15.0,15.0,0.3,BE,TP2,331.12700000000314,1.1037566666666772,0.48768368429025655,0.5323275862068966,464,2,-0.35965346085894484
8.0,15.0,15.0,0.5,BE,TP2,331.12700000000314,1.1037566666666772,0.48768368429025655,0.5323275862068966,464,2,-0.35965346085894484
10.0,20.0,15.0,0.3,BE+2,TP2,329.9900000000039,1.0999666666666796,0.48727447195474205,0.5107758620689655,464,2,-0.3625406608240142
10.0,20.0,15.0,0.5,BE+2,TP2,329.9900000000039,1.0999666666666796,0.48727447195474205,0.5107758620689655,464,2,-0.3625406608240142
10.0,20.0,15.0,0.7,BE+2,TP2,329.9900000000039,1.0999666666666796,0.48727447195474205,0.5107758620689655,464,2,-0.3625406608240142
10.0,15.0,15.0,0.5,BE+2,TP2,331.96600000000444,1.1065533333333482,0.4959608875517085,0.5172413793103449,464,2,-0.36829711881728483
10.0,15.0,15.0,0.3,BE+2,TP2,331.96600000000444,1.1065533333333482,0.4959608875517085,0.5172413793103449,464,2,-0.36829711881728483
8.0,25.0,15.0,0.5,ORIG,TP2,313.31900000000337,1.044396666666678,0.5291188613871617,0.5043103448275862,464,3,-0.37087109666008955
8.0,25.0,15.0,0.3,ORIG,TP2,313.31900000000337,1.044396666666678,0.5291188613871617,0.5043103448275862,464,3,-0.37087109666008955
8.0,25.0,15.0,0.7,ORIG,TP2,313.31900000000337,1.044396666666678,0.5291188613871617,0.5043103448275862,464,3,-0.37087109666008955
8.0,30.0,15.0,0.3,BE,TP2,305.0750000000039,1.0169166666666798,0.5133881217673676,0.5107758620689655,464,3,-0.37629879102423114
8.0,30.0,15.0,0.7,BE,TP2,305.0750000000039,1.0169166666666798,0.5133881217673676,0.5107758620689655,464,3,-0.37629879102423114
8.0,30.0,15.0,0.5,BE,TP2,305.0750000000039,1.0169166666666798,0.5133881217673676,0.5107758620689655,464,3,-0.37629879102423114
6.0,30.0,15.0,0.3,ORIG,TP2,313.2620000000036,1.0442066666666785,0.5357056137172269,0.5107758620689655,464,3,-0.37994515207134905
6.0,30.0,15.0,0.5,ORIG,TP2,313.2620000000036,1.0442066666666785,0.5357056137172269,0.5107758620689655,464,3,-0.37994515207134905
6.0,30.0,15.0,0.7,ORIG,TP2,313.2620000000036,1.0442066666666785,0.5357056137172269,0.5107758620689655,464,3,-0.37994515207134905
4.0,25.0,15.0,0.3,BE,TP2,350.66200000000254,1.1688733333333419,0.47278575477536094,0.5452586206896551,464,1,-0.38222044704672853
4.0,25.0,15.0,0.7,BE,TP2,350.66200000000254,1.1688733333333419,0.47278575477536094,0.5452586206896551,464,1,-0.38222044704672853
4.0,25.0,15.0,0.5,BE,TP2,350.66200000000254,1.1688733333333419,0.47278575477536094,0.5452586206896551,464,1,-0.38222044704672853
10.0,25.0,15.0,0.3,BE+2,TP2,318.40300000000366,1.0613433333333455,0.5556031487252515,0.5064655172413793,464,3,-0.3905288493988862
10.0,25.0,15.0,0.5,BE+2,TP2,318.40300000000366,1.0613433333333455,0.5556031487252515,0.5064655172413793,464,3,-0.3905288493988862
10.0,25.0,15.0,0.7,BE+2,TP2,318.40300000000366,1.0613433333333455,0.5556031487252515,0.5064655172413793,464,3,-0.3905288493988862
10.0,25.0,15.0,0.5,ORIG,TP2,315.9170000000038,1.0530566666666792,0.5547323898701807,0.5043103448275862,464,3,-0.3971916801225829
10.0,25.0,15.0,0.3,ORIG,TP2,315.9170000000038,1.0530566666666792,0.5547323898701807,0.5043103448275862,464,3,-0.3971916801225829
10.0,25.0,15.0,0.7,ORIG,TP2,315.9170000000038,1.0530566666666792,0.5547323898701807,0.5043103448275862,464,3,-0.3971916801225829
10.0,25.0,15.0,0.7,BE,TP2,319.9100000000037,1.0663666666666791,0.5651975506478855,0.5064655172413793,464,3,-0.3987594617952611
10.0,20.0,15.0,0.5,ORIG,TP2,326.91500000000383,1.0897166666666793,0.5126591318530926,0.5086206896551724,464,2,-0.406172104388487
10.0,20.0,15.0,0.3,ORIG,TP2,326.91500000000383,1.0897166666666793,0.5126591318530926,0.5086206896551724,464,2,-0.406172104388487
10.0,20.0,15.0,0.7,ORIG,TP2,326.91500000000383,1.0897166666666793,0.5126591318530926,0.5086206896551724,464,2,-0.406172104388487
10.0,25.0,15.0,0.5,BE,TP2,314.7050000000038,1.0490166666666794,0.567055915167676,0.5064655172413793,464,3,-0.4176722680409636
10.0,25.0,15.0,0.3,BE,TP2,314.7050000000038,1.0490166666666794,0.567055915167676,0.5064655172413793,464,3,-0.4176722680409636
10.0,15.0,15.0,0.7,BE+2,TP2,320.27800000000434,1.0675933333333478,0.5403961337347462,0.5172413793103449,464,2,-0.46412788654918996
4.0,25.0,15.0,0.5,ORIG,TP2,321.00200000000314,1.0700066666666772,0.5404515708792541,0.5150862068965517,464,1,-0.5619447417029831
4.0,25.0,15.0,0.7,ORIG,TP2,321.00200000000314,1.0700066666666772,0.5404515708792541,0.5150862068965517,464,1,-0.5619447417029831
4.0,25.0,15.0,0.3,ORIG,TP2,321.00200000000314,1.0700066666666772,0.5404515708792541,0.5150862068965517,464,1,-0.5619447417029831
