family,variant,n_2023,n_2024,n_2025,n_2026
asia_outside_10_cont,b=0.0,78,61,57,34
asia_outside_10_fade,b=0.0,78,61,57,34
ema_trend_600,basic,178,181,172,101
ema_slope_600,aligned,152,159,153,102
z_cont_600,z=0.5,205,194,191,134
z_fade_600,z=0.5,205,194,191,134
asia_pos_cont_600,f=0.55,237,232,238,147
asia_pos_fade_600,f=0.55,237,232,238,147
asia_pos_cont_600,f=0.6,211,216,213,136
asia_pos_fade_600,f=0.6,211,216,213,136
asia_pos_cont_600,f=0.65,191,190,190,121
asia_pos_fade_600,f=0.65,191,190,190,121
asia_pos_cont_600,f=0.7,181,162,166,108
asia_pos_fade_600,f=0.7,181,162,166,108
asia_pos_cont_600,f=0.75,160,147,149,87
asia_pos_fade_600,f=0.75,160,147,149,87
asia_mid_ema_600,cont,186,175,169,105
prevclose_cont_600,th=1.0,221,224,245,162
prevclose_fade_600,th=1.0,221,224,245,162
prevclose_cont_600,th=2.0,186,199,236,161
prevclose_fade_600,th=2.0,186,199,236,161
prevclose_cont_600,th=3.0,164,177,225,158
prevclose_fade_600,th=3.0,164,177,225,158
prevclose_cont_600,th=5.0,100,143,201,152
prevclose_fade_600,th=5.0,100,143,201,152
prevclose_cont_600,th=8.0,43,88,163,147
prevclose_fade_600,th=8.0,43,88,163,147
ema_trend_660,basic,186,190,175,109
ema_slope_660,aligned,149,161,160,106
rsi_cont_660,th=52.0,226,223,224,142
rsi_fade_660,th=52.0,226,223,224,142
rsi_cont_660,th=55.0,178,175,166,114
rsi_fade_660,th=55.0,178,175,166,114
z_cont_660,z=0.5,197,201,204,121
z_fade_660,z=0.5,197,201,204,121
z_cont_660,z=0.75,161,179,173,104
z_fade_660,z=0.75,161,179,173,104
z_cont_660,z=1.0,137,141,137,88
z_fade_660,z=1.0,137,141,137,88
asia_pos_cont_660,f=0.55,244,241,239,148
asia_pos_fade_660,f=0.55,244,241,239,148
asia_pos_cont_660,f=0.6,226,223,224,134
asia_pos_fade_660,f=0.6,226,223,224,134
prevclose_cont_660,th=1.0,230,238,244,164
prevclose_fade_660,th=1.0,230,238,244,164
prevclose_cont_660,th=2.0,196,213,236,162
prevclose_fade_660,th=2.0,196,213,236,162
prevclose_cont_660,th=3.0,161,193,227,157
prevclose_fade_660,th=3.0,161,193,227,157
prevclose_cont_660,th=5.0,111,159,203,153
prevclose_fade_660,th=5.0,111,159,203,153
prevclose_cont_660,th=8.0,54,106,177,146
prevclose_fade_660,th=8.0,54,106,177,146
ema_trend_720,basic,159,178,172,106
rsi_cont_720,th=52.0,235,216,216,146
rsi_fade_720,th=52.0,235,216,216,146
rsi_cont_720,th=55.0,175,153,159,119
rsi_fade_720,th=55.0,175,153,159,119
asia_pos_cont_720,f=0.55,236,249,246,153
asia_pos_fade_720,f=0.55,236,249,246,153
asia_pos_cont_720,f=0.6,218,228,232,140
asia_pos_fade_720,f=0.6,218,228,232,140
asia_pos_cont_720,f=0.65,208,213,218,126
asia_pos_fade_720,f=0.65,208,213,218,126
asia_pos_cont_720,f=0.7,196,196,193,110
asia_pos_fade_720,f=0.7,196,196,193,110
prevclose_cont_720,th=1.0,228,236,251,160
prevclose_fade_720,th=1.0,228,236,251,160
prevclose_cont_720,th=2.0,192,220,242,159
prevclose_fade_720,th=2.0,192,220,242,159
prevclose_cont_720,th=3.0,167,203,233,154
prevclose_fade_720,th=3.0,167,203,233,154
prevclose_cont_720,th=5.0,119,168,213,149
prevclose_fade_720,th=5.0,119,168,213,149
prevclose_cont_720,th=8.0,57,119,184,143
prevclose_fade_720,th=8.0,57,119,184,143
ema_trend_780,basic,165,164,179,100
ema_slope_780,aligned,155,152,136,95
rsi_cont_780,th=52.0,223,230,218,139
rsi_fade_780,th=52.0,223,230,218,139
rsi_cont_780,th=55.0,172,176,162,107
rsi_fade_780,th=55.0,172,176,162,107
rsi_cont_780,th=58.0,129,128,116,78
rsi_fade_780,th=58.0,129,128,116,78
rsi_cont_780,th=60.0,101,104,90,58
rsi_fade_780,th=60.0,101,104,90,58
z_cont_780,z=0.5,205,204,185,124
z_fade_780,z=0.5,205,204,185,124
z_cont_780,z=0.75,174,163,147,99
z_fade_780,z=0.75,174,163,147,99
z_cont_780,z=1.0,139,132,117,78
z_fade_780,z=1.0,139,132,117,78
z_cont_780,z=1.25,105,102,96,64
z_fade_780,z=1.25,105,102,96,64
z_cont_780,z=1.5,71,71,72,46
z_fade_780,z=1.5,71,71,72,46
asia_mid_ema_780,cont,161,152,170,97
prevclose_cont_780,th=1.0,230,243,247,163
prevclose_fade_780,th=1.0,230,243,247,163
prevclose_cont_780,th=2.0,198,228,238,161
prevclose_fade_780,th=2.0,198,228,238,161
prevclose_cont_780,th=3.0,169,204,231,159
prevclose_fade_780,th=3.0,169,204,231,159
prevclose_cont_780,th=5.0,114,171,208,150
prevclose_fade_780,th=5.0,114,171,208,150
prevclose_cont_780,th=8.0,54,121,183,139
prevclose_fade_780,th=8.0,54,121,183,139
rsi_cont_840,th=52.0,230,226,224,142
rsi_fade_840,th=52.0,230,226,224,142
rsi_cont_840,th=55.0,178,181,180,109
rsi_fade_840,th=55.0,178,181,180,109
rsi_cont_840,th=58.0,142,137,136,74
rsi_fade_840,th=58.0,142,137,136,74
rsi_cont_840,th=60.0,117,113,109,64
rsi_fade_840,th=60.0,117,113,109,64
z_cont_840,z=0.5,197,211,197,136
z_fade_840,z=0.5,197,211,197,136
prevclose_cont_840,th=1.0,220,248,248,158
prevclose_fade_840,th=1.0,220,248,248,158
prevclose_cont_840,th=2.0,193,232,236,155
prevclose_fade_840,th=2.0,193,232,236,155
prevclose_cont_840,th=3.0,165,213,229,152
prevclose_fade_840,th=3.0,165,213,229,152
prevclose_cont_840,th=5.0,117,171,211,147
prevclose_fade_840,th=5.0,117,171,211,147
prevclose_cont_840,th=8.0,58,127,186,137
prevclose_fade_840,th=8.0,58,127,186,137
ema_slope_900,aligned,143,160,164,104
asia_mid_ema_900,cont,151,141,149,107
prevclose_cont_900,th=1.0,230,236,249,162
prevclose_fade_900,th=1.0,230,236,249,162
prevclose_cont_900,th=2.0,195,223,241,161
prevclose_fade_900,th=2.0,195,223,241,161
prevclose_cont_900,th=3.0,165,205,235,159
prevclose_fade_900,th=3.0,165,205,235,159
prevclose_cont_900,th=5.0,128,174,220,155
prevclose_fade_900,th=5.0,128,174,220,155
prevclose_cont_900,th=8.0,63,134,183,145
prevclose_fade_900,th=8.0,63,134,183,145
08_09_cont,th=1.0,155,191,226,158
08_09_fade,th=1.0,155,191,226,158
08_09_ema_cont,th=1.0,148,174,189,139
09_10_cont,th=1.0,169,196,214,158
09_10_fade,th=1.0,169,196,214,158
09_10_ema_cont,th=1.0,156,177,188,139
09_10_cont,th=2.0,105,143,185,145
09_10_fade,th=2.0,105,143,185,145
09_10_ema_cont,th=2.0,99,134,169,130
09_10_cont,th=3.0,68,100,155,135
09_10_fade,th=3.0,68,100,155,135
09_10_ema_cont,th=3.0,67,95,145,125
09_10_cont,th=5.0,23,49,101,111
09_10_fade,th=5.0,23,49,101,111
09_10_ema_cont,th=5.0,23,49,98,107
08_10_cont,th=1.0,196,208,230,159
08_10_fade,th=1.0,196,208,230,159
08_10_ema_cont,th=1.0,162,164,176,116
08_10_cont,th=2.0,126,164,202,153
08_10_fade,th=2.0,126,164,202,153
08_10_ema_cont,th=2.0,113,132,161,113
08_10_cont,th=3.0,80,139,177,139
08_10_fade,th=3.0,80,139,177,139
08_10_ema_cont,th=3.0,76,120,146,105
08_10_cont,th=5.0,35,73,141,125
08_10_fade,th=5.0,35,73,141,125
08_10_ema_cont,th=5.0,35,68,121,97
10_11_cont,th=1.0,188,201,231,148
10_11_fade,th=1.0,188,201,231,148
10_11_ema_cont,th=1.0,167,187,205,127
10_11_cont,th=2.0,118,145,201,140
10_11_fade,th=2.0,118,145,201,140
10_11_ema_cont,th=2.0,111,138,184,123
10_11_cont,th=3.0,68,100,177,119
10_11_fade,th=3.0,68,100,177,119
10_11_ema_cont,th=3.0,65,99,166,109
10_11_cont,th=5.0,27,52,134,94
10_11_fade,th=5.0,27,52,134,94
10_11_ema_cont,th=5.0,27,52,128,88
10_11_cont,th=8.0,7,17,76,58
10_11_fade,th=8.0,7,17,76,58
10_11_ema_cont,th=8.0,7,17,76,57
10_11_cont,th=10.0,1,4,48,43
10_11_fade,th=10.0,1,4,48,43
10_11_ema_cont,th=10.0,1,4,48,42
12_13_cont,th=1.0,161,191,213,150
12_13_fade,th=1.0,161,191,213,150
12_13_ema_cont,th=1.0,149,174,183,135
12_13_cont,th=2.0,82,116,170,132
12_13_fade,th=2.0,82,116,170,132
12_13_ema_cont,th=2.0,80,112,152,123
12_13_cont,th=3.0,40,74,131,115
12_13_fade,th=3.0,40,74,131,115
12_13_ema_cont,th=3.0,39,74,120,111
13_14_cont,th=1.0,145,180,204,150
13_14_fade,th=1.0,145,180,204,150
14_15_cont,th=1.0,153,194,221,154
14_15_fade,th=1.0,153,194,221,154
14_15_ema_cont,th=1.0,138,171,188,128
asia_body_cont_10,th=1.0,218,232,247,162
asia_body_fade_10,th=1.0,218,232,247,162
asia_body_cont_10,th=2.0,176,205,233,156
asia_body_fade_10,th=2.0,176,205,233,156
asia_body_cont_10,th=3.0,148,185,221,155
asia_body_fade_10,th=3.0,148,185,221,155
asia_body_cont_10,th=5.0,83,138,199,153
asia_body_fade_10,th=5.0,83,138,199,153
asia_body_cont_10,th=8.0,38,81,167,141
asia_body_fade_10,th=8.0,38,81,167,141
asia_outside_10_cont,b=1.0,45,40,44,29
asia_outside_10_fade,b=1.0,45,40,44,29
asia_outside_10_cont,b=2.0,27,26,39,25
asia_outside_10_fade,b=2.0,27,26,39,25
rsi_cont_600,th=52.0,221,221,214,143
rsi_fade_600,th=52.0,221,221,214,143
rsi_cont_600,th=55.0,176,170,161,113
rsi_fade_600,th=55.0,176,170,161,113
rsi_cont_600,th=58.0,132,126,126,82
rsi_fade_600,th=58.0,132,126,126,82
z_cont_600,z=0.75,162,164,170,111
z_fade_600,z=0.75,162,164,170,111
z_cont_600,z=1.0,134,139,132,93
z_fade_600,z=1.0,134,139,132,93
prevday_cont_600,th=1.0,239,253,251,162
prevday_fade_600,th=1.0,239,253,251,162
prevday_cont_600,th=2.0,223,240,243,160
prevday_fade_600,th=2.0,223,240,243,160
prevday_cont_600,th=3.0,207,226,240,157
prevday_fade_600,th=3.0,207,226,240,157
prevday_cont_600,th=5.0,184,205,223,156
prevday_fade_600,th=5.0,184,205,223,156
prevday_cont_600,th=8.0,139,173,207,150
prevday_fade_600,th=8.0,139,173,207,150
asia_pos_cont_660,f=0.65,205,209,208,117
asia_pos_fade_660,f=0.65,205,209,208,117
asia_pos_cont_660,f=0.7,192,192,188,103
asia_pos_fade_660,f=0.7,192,192,188,103
asia_pos_cont_660,f=0.75,175,175,166,86
asia_pos_fade_660,f=0.75,175,175,166,86
asia_mid_ema_660,cont,180,185,171,97
prevday_cont_660,th=1.0,239,253,251,162
prevday_fade_660,th=1.0,239,253,251,162
prevday_cont_660,th=2.0,223,240,243,160
prevday_fade_660,th=2.0,223,240,243,160
prevday_cont_660,th=3.0,207,226,240,157
prevday_fade_660,th=3.0,207,226,240,157
prevday_cont_660,th=5.0,184,205,223,156
prevday_fade_660,th=5.0,184,205,223,156
prevday_cont_660,th=8.0,139,173,207,150
prevday_fade_660,th=8.0,139,173,207,150
asia_pos_cont_720,f=0.75,184,180,175,97
asia_pos_fade_720,f=0.75,184,180,175,97
prevday_cont_720,th=1.0,239,253,251,162
prevday_fade_720,th=1.0,239,253,251,162
prevday_cont_720,th=2.0,223,240,243,160
prevday_fade_720,th=2.0,223,240,243,160
prevday_cont_720,th=3.0,207,226,240,157
prevday_fade_720,th=3.0,207,226,240,157
prevday_cont_720,th=5.0,184,205,223,156
prevday_fade_720,th=5.0,184,205,223,156
prevday_cont_720,th=8.0,139,173,207,150
prevday_fade_720,th=8.0,139,173,207,150
asia_pos_cont_780,f=0.55,235,249,252,151
asia_pos_fade_780,f=0.55,235,249,252,151
asia_pos_cont_780,f=0.6,218,232,240,143
asia_pos_fade_780,f=0.6,218,232,240,143
asia_pos_cont_780,f=0.65,202,217,224,127
asia_pos_fade_780,f=0.65,202,217,224,127
asia_pos_cont_780,f=0.7,186,199,204,111
asia_pos_fade_780,f=0.7,186,199,204,111
asia_pos_cont_780,f=0.75,175,184,186,99
asia_pos_fade_780,f=0.75,175,184,186,99
prevday_cont_780,th=1.0,239,253,251,162
prevday_fade_780,th=1.0,239,253,251,162
prevday_cont_780,th=2.0,223,240,243,160
prevday_fade_780,th=2.0,223,240,243,160
prevday_cont_780,th=3.0,207,226,240,157
prevday_fade_780,th=3.0,207,226,240,157
prevday_cont_780,th=5.0,184,205,223,156
prevday_fade_780,th=5.0,184,205,223,156
prevday_cont_780,th=8.0,139,173,207,150
prevday_fade_780,th=8.0,139,173,207,150
ema_trend_840,basic,166,174,164,109
asia_pos_cont_840,f=0.55,245,250,236,155
asia_pos_fade_840,f=0.55,245,250,236,155
asia_pos_cont_840,f=0.6,226,233,226,137
asia_pos_fade_840,f=0.6,226,233,226,137
asia_pos_cont_840,f=0.65,213,216,214,125
asia_pos_fade_840,f=0.65,213,216,214,125
asia_pos_cont_840,f=0.7,198,205,200,119
asia_pos_fade_840,f=0.7,198,205,200,119
asia_pos_cont_840,f=0.75,182,192,187,104
asia_pos_fade_840,f=0.75,182,192,187,104
asia_mid_ema_840,cont,158,160,154,94
prevday_cont_840,th=1.0,239,253,251,162
prevday_fade_840,th=1.0,239,253,251,162
prevday_cont_840,th=2.0,223,240,243,160
prevday_fade_840,th=2.0,223,240,243,160
prevday_cont_840,th=3.0,207,226,240,157
prevday_fade_840,th=3.0,207,226,240,157
prevday_cont_840,th=5.0,184,205,223,156
prevday_fade_840,th=5.0,184,205,223,156
prevday_cont_840,th=8.0,139,173,207,150
prevday_fade_840,th=8.0,139,173,207,150
ema_trend_900,basic,153,162,151,110
rsi_cont_900,th=52.0,222,224,235,148
rsi_fade_900,th=52.0,222,224,235,148
rsi_cont_900,th=55.0,169,184,195,126
rsi_fade_900,th=55.0,169,184,195,126
rsi_cont_900,th=58.0,113,135,144,92
rsi_fade_900,th=58.0,113,135,144,92
rsi_cont_900,th=60.0,91,103,116,66
rsi_fade_900,th=60.0,91,103,116,66
z_cont_900,z=0.5,203,209,209,134
z_fade_900,z=0.5,203,209,209,134
z_cont_900,z=0.75,166,178,182,114
z_fade_900,z=0.75,166,178,182,114
z_cont_900,z=1.0,136,150,157,96
z_fade_900,z=1.0,136,150,157,96
z_cont_900,z=1.25,104,118,124,78
z_fade_900,z=1.25,104,118,124,78
asia_pos_cont_900,f=0.55,241,247,236,155
asia_pos_fade_900,f=0.55,241,247,236,155
asia_pos_cont_900,f=0.6,235,235,223,146
asia_pos_fade_900,f=0.6,235,235,223,146
asia_pos_cont_900,f=0.65,220,219,198,133
asia_pos_fade_900,f=0.65,220,219,198,133
asia_pos_cont_900,f=0.7,204,211,186,122
asia_pos_fade_900,f=0.7,204,211,186,122
asia_pos_cont_900,f=0.75,180,194,175,108
asia_pos_fade_900,f=0.75,180,194,175,108
prevday_cont_900,th=1.0,239,253,251,162
prevday_fade_900,th=1.0,239,253,251,162
prevday_cont_900,th=2.0,223,240,243,160
prevday_fade_900,th=2.0,223,240,243,160
prevday_cont_900,th=3.0,207,226,240,157
prevday_fade_900,th=3.0,207,226,240,157
prevday_cont_900,th=5.0,184,205,223,156
prevday_fade_900,th=5.0,184,205,223,156
prevday_cont_900,th=8.0,139,173,207,150
prevday_fade_900,th=8.0,139,173,207,150
09_10_cont,th=8.0,6,12,53,85
09_10_fade,th=8.0,6,12,53,85
09_10_ema_cont,th=8.0,6,12,52,82
09_10_cont,th=10.0,4,5,32,61
09_10_fade,th=10.0,4,5,32,61
09_10_ema_cont,th=10.0,4,5,32,58
08_10_cont,th=8.0,13,28,101,98
08_10_fade,th=8.0,13,28,101,98
08_10_ema_cont,th=8.0,13,26,89,80
08_10_cont,th=10.0,8,15,75,86
08_10_fade,th=10.0,8,15,75,86
08_10_ema_cont,th=10.0,8,14,69,71
13_14_ema_cont,th=1.0,134,161,176,137
14_15_cont,th=2.0,82,136,183,144
14_15_fade,th=2.0,82,136,183,144
14_15_ema_cont,th=2.0,78,129,161,122
14_15_cont,th=3.0,49,94,150,129
14_15_fade,th=3.0,49,94,150,129
14_15_ema_cont,th=3.0,48,92,133,112
14_15_cont,th=5.0,18,43,93,106
14_15_fade,th=5.0,18,43,93,106
14_15_ema_cont,th=5.0,18,43,90,98
asia_outside_10_cont,b=3.0,14,17,29,23
asia_outside_10_fade,b=3.0,14,17,29,23
asia_outside_10_cont,b=5.0,11,9,16,18
asia_outside_10_fade,b=5.0,11,9,16,18
z_cont_600,z=1.25,101,110,109,70
z_fade_600,z=1.25,101,110,109,70
ema_slope_720,aligned,154,142,145,97
z_cont_720,z=0.5,198,201,192,123
z_fade_720,z=0.5,198,201,192,123
ema_slope_840,aligned,150,160,153,104
z_cont_840,z=0.75,168,180,169,117
z_fade_840,z=0.75,168,180,169,117
z_cont_840,z=1.0,140,150,143,88
z_fade_840,z=1.0,140,150,143,88
z_cont_840,z=1.25,103,113,109,70
z_fade_840,z=1.25,103,113,109,70
z_cont_840,z=1.5,77,83,82,50
z_fade_840,z=1.5,77,83,82,50
13_14_cont,th=2.0,77,117,167,137
13_14_fade,th=2.0,77,117,167,137
13_14_ema_cont,th=2.0,74,111,149,127
rsi_cont_660,th=58.0,138,135,124,88
rsi_fade_660,th=58.0,138,135,124,88
asia_mid_ema_720,cont,159,167,166,95
z_cont_900,z=1.5,67,91,98,58
z_fade_900,z=1.5,67,91,98,58
z_cont_720,z=0.75,168,159,157,101
z_fade_720,z=0.75,168,159,157,101
z_cont_720,z=1.0,124,117,122,84
z_fade_720,z=1.0,124,117,122,84
z_cont_720,z=1.25,90,87,88,69
z_fade_720,z=1.25,90,87,88,69
rsi_cont_660,th=60.0,108,116,97,64
rsi_fade_660,th=60.0,108,116,97,64
z_cont_660,z=1.25,109,117,101,67
z_fade_660,z=1.25,109,117,101,67
z_cont_660,z=1.5,81,90,75,54
z_fade_660,z=1.5,81,90,75,54
rsi_cont_600,th=60.0,108,100,107,63
rsi_fade_600,th=60.0,108,100,107,63
08_09_cont,th=2.0,78,131,179,150
08_09_fade,th=2.0,78,131,179,150
08_09_ema_cont,th=2.0,76,125,158,134
13_14_cont,th=3.0,43,79,132,119
13_14_fade,th=3.0,43,79,132,119
13_14_ema_cont,th=3.0,43,77,119,114
13_14_cont,th=5.0,16,40,82,92
13_14_fade,th=5.0,16,40,82,92
13_14_ema_cont,th=5.0,16,40,76,88
rsi_cont_720,th=58.0,123,111,109,82
rsi_fade_720,th=58.0,123,111,109,82
rsi_cont_720,th=60.0,94,93,88,60
rsi_fade_720,th=60.0,94,93,88,60
08_09_cont,th=3.0,42,83,150,137
08_09_fade,th=3.0,42,83,150,137
08_09_ema_cont,th=3.0,41,82,139,126
z_cont_600,z=1.5,70,79,76,51
z_fade_600,z=1.5,70,79,76,51
08_09_cont,th=5.0,10,34,98,123
08_09_fade,th=5.0,10,34,98,123
08_09_ema_cont,th=5.0,10,34,94,117
z_cont_720,z=1.5,66,62,66,49
z_fade_720,z=1.5,66,62,66,49
12_13_cont,th=5.0,12,29,83,101
12_13_fade,th=5.0,12,29,83,101
12_13_ema_cont,th=5.0,12,29,80,97
14_15_cont,th=8.0,6,12,47,86
14_15_fade,th=8.0,6,12,47,86
14_15_ema_cont,th=8.0,6,12,47,84
12_13_cont,th=8.0,2,5,40,61
12_13_fade,th=8.0,2,5,40,61
12_13_ema_cont,th=8.0,2,5,39,60
12_13_cont,th=10.0,2,2,27,48
12_13_fade,th=10.0,2,2,27,48
12_13_ema_cont,th=10.0,2,2,26,47
13_14_cont,th=8.0,1,9,49,60
13_14_fade,th=8.0,1,9,49,60
13_14_ema_cont,th=8.0,1,9,47,58
08_09_cont,th=8.0,2,13,61,89
08_09_fade,th=8.0,2,13,61,89
08_09_ema_cont,th=8.0,2,13,60,86
14_15_cont,th=10.0,1,5,35,69
14_15_fade,th=10.0,1,5,35,69
14_15_ema_cont,th=10.0,1,5,35,69
08_09_cont,th=10.0,0,9,37,79
08_09_fade,th=10.0,0,9,37,79
08_09_ema_cont,th=10.0,0,9,36,78
13_14_cont,th=10.0,0,4,34,44
13_14_fade,th=10.0,0,4,34,44
13_14_ema_cont,th=10.0,0,4,34,43
