strategy,tp,sl,horizon_m1,train_score,train_n,train_net_points,train_ev_points,train_wr,train_pf,train_time_exits
london_us_1531,30.0,20.0,1440,0.42068410832977804,1291,400.63700000000495,0.31033075135554217,0.49341595662277304,1.0667975038780997,1075
london_us_1531,30.0,15.0,1440,0.38725024412555975,1291,369.18600000000447,0.2859690162664636,0.4810224632068164,1.0625056082794975,963
london_us_1531,30.0,8.0,1440,0.32653456500097267,1291,311.46600000000285,0.2412594887683988,0.4113090627420604,1.060373749458225,646
london_us_1531,20.0,20.0,1440,0.2420693862169311,1291,232.10800000000495,0.17978931061193257,0.4988381099922541,1.0392176608223505,980
london_us_1531,15.0,20.0,1440,0.18658677058113055,1291,179.26100000000451,0.138854376452366,0.5104570100697134,1.0312759744768822,872
london_us_1531,30.0,25.0,1440,0.1773403171380822,1291,170.55200000000445,0.13210844306739308,0.4957397366382649,1.0271532921090012,1122
london_us_1531,30.0,5.0,1440,0.1731137562918337,1291,165.96700000000124,0.1285569326103805,0.3129357087529047,1.0397764502477416,430
london_us_1531,30.0,30.0,1440,0.1636413208744767,1291,157.46200000000385,0.12196901626646309,0.4965143299767622,1.0249891132262563,1164
london_us_1531,20.0,15.0,1440,0.15812068392416428,1291,152.11000000000445,0.11782339271882607,0.48644461657629745,1.0260430533053078,873
london_us_1531,25.0,20.0,1440,0.14218232954268087,1291,136.88700000000495,0.10603175832688222,0.49341595662277304,1.022822929268544,1050
london_us_1531,30.0,12.0,1440,0.11510722720741973,1291,110.93200000000411,0.08592718822618443,0.458559256390395,1.0187708774232878,839
london_us_1531,20.0,8.0,1440,0.11401900358363244,1291,109.8100000000029,0.08505809450038955,0.41518202943454685,1.0214516062234473,567
london_us_1531,25.0,15.0,1440,0.10937932832826093,1291,105.43600000000447,0.08167002323780362,0.4810224632068164,1.0178510054946754,938
london_us_1531,15.0,15.0,1440,0.09712245039584119,1291,93.65200000000391,0.07254221533695113,0.49806351665375675,1.0165212743249186,772
london_us_1531,25.0,8.0,1440,0.0870753181371761,1291,83.96900000000278,0.06504182804028101,0.4113090627420604,1.0162763298987942,623
london_us_1531,30.0,10.0,1440,0.020290994536161237,1291,19.630000000003292,0.015205267234704332,0.4345468628969791,1.0034142556566117,734
london_us_1531,20.0,25.0,1440,0.002089507091308178,1291,2.0230000000044583,0.0015670023237834689,0.5011618900077459,1.0003267249721897,1027
london_us_1531,20.0,30.0,1440,-0.008594071994026576,1291,-8.323999999996204,-0.006447714949648493,0.5019364833462432,0.9986593984719019,1068
london_us_1531,15.0,8.0,1440,-0.01643827905086697,1291,-15.928999999996904,-0.012338497288920917,0.4252517428350116,0.9968268418620222,483
london_us_1531,12.0,20.0,1440,-0.03043970469381522,1291,-29.51199999999585,-0.022859798605728777,0.52285050348567,0.9947470953904487,790
london_us_1531,25.0,5.0,1440,-0.03396328306528899,1291,-32.94999999999891,-0.025522850503484823,0.3129357087529047,0.9921030443662712,413
london_us_1531,20.0,5.0,1440,-0.05027779910599026,1291,-48.824999999998454,-0.03781951975212893,0.3160340821068939,0.9882420058885096,368
london_us_1531,25.0,25.0,1440,-0.10102163149892815,1291,-98.19799999999555,-0.07606351665375333,0.4957397366382649,0.9843660644347794,1097
london_us_1531,12.0,15.0,1440,-0.10243096672322773,1291,-99.6259999999968,-0.07716963594112843,0.5104570100697134,0.9820441864480528,696
london_us_1531,15.0,25.0,1440,-0.10678907601211964,1291,-103.84599999999614,-0.08043841982958648,0.5112316034082107,0.9827638175274419,918
london_us_1531,25.0,30.0,1440,-0.11442977171302955,1291,-111.28799999999615,-0.08620294345468331,0.4965143299767622,0.9823386694394619,1139
london_us_1531,15.0,30.0,1440,-0.1221042016485587,1291,-118.81099999999651,-0.09203020914019869,0.512006196746708,0.9803517602316432,956
london_us_1531,20.0,12.0,1440,-0.14173688609708945,1291,-138.05099999999584,-0.10693338497288601,0.4632068164213788,0.9764069789718584,754
london_us_1531,10.0,20.0,1440,-0.14429394767005485,1291,-140.61999999999762,-0.10892331525948692,0.5414407436096049,0.9741890152619246,703
london_us_1531,25.0,12.0,1440,-0.14661002150070365,1291,-142.8179999999959,-0.11062587141750263,0.458559256390395,0.9758336713316362,814
london_us_1531,15.0,5.0,1440,-0.17645318221741968,1291,-172.66899999999828,-0.13374825716498703,0.3245546088303641,0.9578799595067633,302
london_us_1531,20.0,10.0,1440,-0.190400379325191,1291,-185.87099999999668,-0.14397443841982702,0.43919442292796285,0.9673788225515432,651
london_us_1531,10.0,15.0,1440,-0.20289672411016701,1291,-198.28399999999874,-0.15358946553059546,0.5290472501936483,0.9630984470692632,616
london_us_1531,25.0,10.0,1440,-0.21401337854404467,1291,-209.1199999999967,-0.16198295894655051,0.4345468628969791,0.9636276544620221,709
london_us_1531,12.0,8.0,1440,-0.2228543480300895,1291,-218.19199999999682,-0.169010069713398,0.43687064291247096,0.955758643399159,422
london_us_1531,15.0,12.0,1440,-0.2391161530395366,1291,-233.9219999999964,-0.18119442292796,0.4740511231603408,0.9589985581610092,661
london_us_1531,8.0,20.0,1440,-0.24544486256190462,1291,-240.44999999999732,-0.18625096824167103,0.5670023237800155,0.953453743823112,602
london_us_1531,10.0,8.0,1440,-0.25067067746858,1291,-245.88699999999835,-0.1904624322230816,0.4562354763749032,0.9483483626048427,363
london_us_1531,15.0,10.0,1440,-0.27126768290409137,1291,-265.8289999999972,-0.20590937257939368,0.4500387296669249,0.9522389802751264,559
london_us_1531,12.0,25.0,1440,-0.31334029065275576,1291,-307.38999999999646,-0.2381022463206789,0.5236250968241674,0.9479714554739488,833
london_us_1531,12.0,30.0,1440,-0.31840017284299094,1291,-312.4089999999967,-0.241989930286597,0.5243996901626646,0.9472738282857304,870
london_us_1531,12.0,5.0,1440,-0.31854151745765164,1291,-314.5629999999976,-0.24365840433772085,0.33694810224632066,0.9219847760655074,259
london_us_1531,8.0,15.0,1440,-0.322243668393888,1291,-316.9129999999984,-0.2454786986831901,0.5546088303640588,0.9381462031836324,519
london_us_1531,30.0,5.0,120,-0.32476484561573843,1291,-323.19199999999864,-0.25034237025561473,0.40975987606506586,0.8918483349518563,761
london_us_1531,12.0,5.0,120,-0.32646464545411014,1291,-325.0160000000001,-0.2517552285050349,0.4144074360960496,0.890262546593917,668
london_us_1531,10.0,5.0,1440,-0.3348607351559794,1291,-331.21799999999894,-0.25655925639039423,0.35476374903175834,0.9155952492289441,214
london_us_1531,8.0,8.0,1440,-0.341657943938984,1291,-337.0439999999983,-0.2610720371804789,0.4817970565453137,0.9260192048388103,289
london_us_1531,20.0,5.0,120,-0.343365656875294,1291,-342.263999999999,-0.2651154144074353,0.40975987606506586,0.8854661579307721,740
london_us_1531,15.0,5.0,120,-0.3494175051966471,1291,-348.5250000000001,-0.2699651432997677,0.4120836560805577,0.8829180048105993,711
london_us_1531,25.0,5.0,120,-0.34960707003116237,1291,-348.67799999999875,-0.27008365608055673,0.40975987606506586,0.8833198028860346,757
london_us_1531,30.0,8.0,120,-0.3542859968320859,1291,-352.21799999999666,-0.2728257164988355,0.458559256390395,0.8957397569990223,983
london_us_1531,30.0,5.0,240,-0.35488972462916457,1291,-352.7629999999983,-0.27324786986831784,0.3872966692486445,0.8963494002737278,650
london_us_1531,15.0,20.0,480,-0.3560494074978247,1291,-351.24299999999334,-0.27207048799379807,0.47714949651433,0.9259981130986278,1052
london_us_1531,30.0,20.0,480,-0.3561194954341962,1291,-351.14699999999266,-0.27199612703330184,0.46630518977536795,0.9278444805641817,1182
london_us_1531,12.0,5.0,240,-0.3665629981185928,1291,-364.8570000000002,-0.2826158017041055,0.3981409759876065,0.8911093708310627,528
london_us_1531,20.0,5.0,240,-0.36758916613761483,1291,-365.74599999999896,-0.28330441518202865,0.38807126258714175,0.8925178688242285,616
london_us_1531,30.0,5.0,480,-0.3699692461250908,1291,-367.2649999999983,-0.2844810224632055,0.34546862896979086,0.9015176786311883,561
london_us_1531,4.0,20.0,1440,-0.3703176402164482,1291,-367.3949999999961,-0.28458171959720846,0.691711851278079,0.9038098519531274,345
london_us_1531,30.0,8.0,480,-0.3733354538463239,1291,-369.1509999999971,-0.28594190549961046,0.41673121611154146,0.9169017901802342,797
london_us_1531,20.0,8.0,120,-0.374160397166708,1291,-372.55199999999695,-0.2885762974438396,0.458559256390395,0.889720678527218,960
london_us_1531,30.0,8.0,240,-0.37802653526828106,1291,-374.8589999999979,-0.2903632842757536,0.44848954298993027,0.9057266094559843,882
london_us_1531,25.0,5.0,240,-0.37839134756091786,1291,-376.80699999999865,-0.2918721920991469,0.3872966692486445,0.8892846712068515,641
london_us_1531,10.0,5.0,120,-0.37921497590988296,1291,-379.3519999999992,-0.2938435321456229,0.41673121611154146,0.8716010504728586,626
london_us_1531,8.0,5.0,120,-0.3805172080231129,1291,-380.90299999999706,-0.29504492641363056,0.4275755228505035,0.8690772891616175,561
london_us_1531,15.0,8.0,120,-0.38692691910697447,1291,-385.70899999999756,-0.2987676219984489,0.4608830364058869,0.8852294286659674,922
london_us_1531,15.0,8.0,480,-0.38777498895056195,1291,-383.94699999999716,-0.29740278853601637,0.4268009295120062,0.9116141868683375,691
london_us_1531,25.0,8.0,120,-0.38892882898230013,1291,-387.70399999999677,-0.3003129357087504,0.458559256390395,0.8852355267122886,979
london_us_1531,4.0,20.0,480,-0.3893100301566377,1291,-387.8619999999962,-0.30043532145623253,0.6405886909372579,0.887459320058868,498
london_us_1531,30.0,20.0,120,-0.3902880797288495,1291,-388.55999999999744,-0.3009759876065046,0.4756003098373354,0.8902247601138666,1249
london_us_1531,15.0,5.0,480,-0.39117393242065307,1291,-389.05999999999904,-0.3013632842757545,0.35476374903175834,0.8940436957415131,476
london_us_1531,15.0,5.0,240,-0.39147822120848713,1291,-390.30700000000024,-0.30232920216886155,0.3911696359411309,0.8846219789562305,578
london_us_1531,30.0,15.0,120,-0.3918267081621846,1291,-390.14899999999716,-0.3022068164213766,0.4748257164988381,0.8896545696955579,1204
london_us_1531,6.0,8.0,1440,-0.3931895043665628,1291,-389.83199999999874,-0.3019612703330742,0.5313710302091402,0.9063569702120466,210
london_us_1531,8.0,5.0,1440,-0.40327501011321465,1291,-401.0989999999981,-0.31068861347792265,0.3787761425251743,0.8940114888555886,163
london_us_1531,6.0,20.0,1440,-0.40438092648238333,1291,-400.0129999999974,-0.309847405112314,0.6134779240898528,0.9152910737058068,482
london_us_1531,30.0,10.0,120,-0.4052813271247888,1291,-404.04299999999716,-0.3129690162664579,0.46630518977536795,0.8848701250963833,1075
london_us_1531,6.0,5.0,120,-0.40559346524737744,1291,-407.45099999999616,-0.3156088303640559,0.44461657629744383,0.8553433195724335,479
london_us_1531,15.0,20.0,120,-0.407787589438652,1291,-406.6309999999985,-0.31497366382648995,0.47792408985282725,0.8840160585294897,1185
london_us_1531,20.0,8.0,240,-0.410768974076227,1291,-408.20499999999834,-0.3161928737412845,0.4492641363284276,0.8973266780103959,846
london_us_1531,15.0,8.0,240,-0.4128979780233003,1291,-410.48199999999906,-0.31795662277304343,0.45313710302091403,0.895795354934554,796
london_us_1531,20.0,20.0,120,-0.41409075670579465,1291,-412.98999999999774,-0.3198993028659936,0.4756003098373354,0.8833228424938896,1225
london_us_1531,15.0,15.0,120,-0.4141987940081958,1291,-413.2199999999982,-0.32007745933384835,0.47714949651433,0.8821739731710695,1140
london_us_1531,6.0,5.0,1440,-0.4150232435722448,1291,-414.1069999999986,-0.3207645236250957,0.4275755228505035,0.8815693102394059,112
london_us_1531,20.0,15.0,120,-0.4156221439789003,1291,-414.57899999999745,-0.32113013168086557,0.4748257164988381,0.8827450585540773,1180
london_us_1531,10.0,5.0,240,-0.4245829677357339,1291,-424.63699999999994,-0.32892099147947323,0.40123934934159566,0.8725071862331768,473
london_us_1531,25.0,8.0,240,-0.42613497797957167,1291,-423.9029999999982,-0.32835243996901486,0.44848954298993027,0.8933925207297145,873
london_us_1531,30.0,15.0,480,-0.42655193471163255,1291,-422.10499999999365,-0.3269597211463932,0.4608830364058869,0.9138025920995437,1095
london_us_1531,15.0,15.0,480,-0.427465808601904,1291,-423.26799999999434,-0.3278605731990661,0.47172734314484893,0.9114109186501138,968
london_us_1531,12.0,20.0,480,-0.42784580248347326,1291,-423.8779999999938,-0.32833307513554905,0.48644461657629745,0.9092540613537765,977
london_us_1531,12.0,8.0,120,-0.4289771816390632,1291,-429.0539999999978,-0.3323423702556141,0.4616576297443842,0.8723065732707312,874
london_us_1531,20.0,10.0,120,-0.42901607855109136,1291,-428.47299999999746,-0.3318923315259469,0.46630518977536795,0.8779089282834317,1051
london_us_1531,25.0,20.0,120,-0.429687046744922,1291,-429.04599999999755,-0.33233617350890593,0.4756003098373354,0.8787867315930977,1245
london_us_1531,12.0,5.0,480,-0.42998809464927434,1291,-429.0179999999991,-0.3323144848954292,0.3625096824167312,0.8817576199055591,424
london_us_1531,25.0,15.0,120,-0.43121362277925845,1291,-430.63499999999726,-0.3335670023237779,0.4748257164988381,0.878203957003213,1200
london_us_1531,10.0,25.0,1440,-0.43126396266257017,1291,-425.4509999999982,-0.3295515104570087,0.5422153369481022,0.925917032495261,745
london_us_1531,20.0,20.0,480,-0.4313425333092989,1291,-427.0559999999932,-0.330794732765293,0.4686289697908598,0.9118748630318764,1132
london_us_1531,15.0,10.0,120,-0.4345039170832347,1291,-434.22299999999814,-0.33634624322230683,0.4686289697908598,0.87550560625157,1012
london_us_1531,12.0,20.0,120,-0.43574815129005,1291,-435.43599999999856,-0.3372858249419044,0.4786986831913246,0.8757764400425534,1132
london_us_1531,10.0,30.0,1440,-0.4382672345439006,1291,-432.46999999999844,-0.33498838109992135,0.5429899302865996,0.9249173338926008,782
london_us_1531,12.0,12.0,1440,-0.4394942495520397,1291,-433.94399999999723,-0.3361301316808654,0.4856700232378002,0.9225366142061198,590
london_us_1531,5.0,5.0,120,-0.4406665777625123,1291,-444.8789999999972,-0.3446003098373332,0.4632068164213788,0.8363277558037601,428
london_us_1531,12.0,15.0,120,-0.4421318956644085,1291,-442.0249999999983,-0.3423896204492628,0.47792408985282725,0.8739366142373415,1087
london_us_1531,30.0,12.0,120,-0.44236865682622156,1291,-442.0289999999968,-0.3423927188226157,0.4701781564678544,0.8759760284686492,1136
london_us_1531,20.0,5.0,480,-0.44281862887264845,1291,-441.9029999999984,-0.3422951200619663,0.34779240898528274,0.8810249073298286,531
london_us_1531,25.0,10.0,120,-0.444567318977285,1291,-444.52899999999727,-0.3443292021688592,0.46630518977536795,0.8733338576314158,1071
london_us_1531,20.0,8.0,480,-0.4454685225673823,1291,-442.39899999999716,-0.3426793183578599,0.4190549961270333,0.899872259890919,759
london_us_1531,30.0,25.0,120,-0.44692331876561103,1291,-446.59299999999735,-0.3459279628195177,0.4756003098373354,0.8758646319562141,1260
london_us_1531,6.0,15.0,1440,-0.45635290680884977,1291,-452.8089999999984,-0.3507428350116176,0.6010844306738962,0.9033120102972374,410
london_us_1531,6.0,5.0,240,-0.4585936866198833,1291,-461.2159999999992,-0.357254841208365,0.44461657629744383,0.850979472262045,344
london_us_1531,10.0,5.0,480,-0.45986184791320023,1291,-460.05999999999926,-0.3563594113090622,0.37257939581719596,0.871331863165299,376
london_us_1531,12.0,8.0,240,-0.46003376378291805,1291,-458.8809999999992,-0.3554461657629738,0.45778466305189774,0.8827294377654447,741
london_us_1531,25.0,5.0,480,-0.4619180910332299,1291,-461.53199999999833,-0.3574996127033295,0.34546862896979086,0.8762399282643583,552
london_us_1531,8.0,5.0,240,-0.4634097550765319,1291,-465.3239999999987,-0.36043687064291147,0.4136328427575523,0.8570672937811357,418
london_us_1531,12.0,8.0,480,-0.4646393363171745,1291,-462.35499999999774,-0.3581371030209123,0.43532145623547636,0.8921351549273304,629
london_us_1531,20.0,12.0,120,-0.46599187715407564,1291,-466.4589999999971,-0.36131603408210466,0.4701781564678544,0.8691214881002324,1112
london_us_1531,6.0,5.0,480,-0.46741141841736317,1291,-469.49999999999864,-0.3636715724244761,0.4322230828814872,0.8557708701394096,258
london_us_1531,15.0,12.0,120,-0.46756603964528887,1291,-468.2089999999978,-0.36267157242447545,0.47250193648334626,0.8676814660679575,1073
london_us_1531,4.0,5.0,480,-0.4677938908743528,1291,-472.34199999999964,-0.36587296669248615,0.5042602633617351,0.8357074733061427,164
london_us_1531,15.0,25.0,120,-0.46809162123865933,1291,-468.61699999999837,-0.3629876065065828,0.47792408985282725,0.86865787851771,1195
london_us_1531,30.0,15.0,240,-0.47041817441338313,1291,-468.14999999999577,-0.3626258714175025,0.4763749031758327,0.891764582939334,1148
london_us_1531,20.0,25.0,120,-0.4705455371914658,1291,-471.02299999999764,-0.3648512780790067,0.4756003098373354,0.869074048491382,1236
london_us_1531,25.0,20.0,480,-0.47225268641136803,1291,-468.5359999999928,-0.3629248644461602,0.46630518977536795,0.9037227757765814,1170
london_us_1531,4.0,5.0,240,-0.47307131193806556,1291,-478.70700000000033,-0.37080325329202196,0.5058094500387297,0.8274042183133452,241
london_us_1531,4.0,5.0,120,-0.47362222311470936,1291,-480.818999999997,-0.37243919442292567,0.49341595662277304,0.8150299179593168,354
london_us_1531,12.0,10.0,120,-0.47486538127757577,1291,-476.0339999999983,-0.36873276529821714,0.4694035631293571,0.8634921490651031,961
london_us_1531,4.0,25.0,480,-0.47543608207347554,1291,-476.37199999999666,-0.3689945778466279,0.6413632842757552,0.8653907993555116,516
london_us_1531,30.0,20.0,240,-0.4787711527170778,1291,-476.5869999999943,-0.36916111541440305,0.47947327652982186,0.8907495892109194,1212
london_us_1531,30.0,25.0,480,-0.4788666579215449,1291,-474.9639999999929,-0.3679039504260208,0.46630518977536795,0.904823452156735,1210
london_us_1531,5.0,5.0,240,-0.47887279542421635,1291,-483.38599999999974,-0.3744275755228503,0.4701781564678544,0.8368391651350909,303
london_us_1531,4.0,5.0,1440,-0.4801874266019113,1291,-484.19199999999864,-0.37505189775367825,0.5081332300542215,0.8409678458735537,58
london_us_1531,8.0,25.0,1440,-0.4802526790498709,1291,-475.43699999999785,-0.3682703330751339,0.56855151045701,0.912229435151573,642
london_us_1531,25.0,12.0,120,-0.4814705493391952,1291,-482.5149999999969,-0.373752904725017,0.4701781564678544,0.8646165147005067,1132
london_us_1531,25.0,8.0,480,-0.4824793572082864,1291,-480.1339999999973,-0.37190859798605524,0.41673121611154146,0.8919188194706136,787
london_us_1531,15.0,25.0,480,-0.48531214506642756,1291,-481.80299999999374,-0.37320139426800447,0.47714949651433,0.9012084562410329,1078
london_us_1531,25.0,25.0,120,-0.48602399030044807,1291,-487.07899999999745,-0.377288148721919,0.4756003098373354,0.8646111091499437,1256
london_us_1531,8.0,8.0,120,-0.48609019820552163,1291,-488.83099999999536,-0.37864523625096463,0.4763749031758327,0.8512846723100689,757
london_us_1531,5.0,5.0,480,-0.4862411236547831,1291,-490.18299999999886,-0.3796924864446157,0.4601084430673896,0.8418547193904714,217
london_us_1531,4.0,15.0,1440,-0.4865495530045568,1291,-486.3559999999968,-0.376728117738185,0.6793183578621224,0.8745413211447188,283
london_us_1531,4.0,15.0,480,-0.4871228119067659,1291,-488.6409999999971,-0.37849806351665155,0.6336173508907823,0.8609667435088647,442
london_us_1531,8.0,5.0,480,-0.488065483229408,1291,-489.9019999999987,-0.3794748257164978,0.3934934159566228,0.8584811177490649,328
london_us_1531,15.0,20.0,240,-0.4881097177976804,1291,-486.4009999999953,-0.37676297443841616,0.48489542989930284,0.8866057780112186,1117
london_us_1531,15.0,15.0,240,-0.4895358733965619,1291,-487.9409999999966,-0.377955848179703,0.4817970565453137,0.8856592040121608,1054
london_us_1531,4.0,8.0,480,-0.49062053842833,1291,-493.5799999999988,-0.38232378001549094,0.5855925639039504,0.8497778381071488,267
london_us_1531,6.0,8.0,480,-0.49089335088063535,1291,-491.241999999997,-0.3805127807900829,0.5096824167312161,0.8702512162248188,399
london_us_1531,30.0,30.0,120,-0.4910516205347602,1291,-492.0769999999977,-0.3811595662277287,0.4756003098373354,0.8649295259301598,1271
london_us_1531,6.0,20.0,480,-0.49352109082987394,1291,-492.6029999999944,-0.38156700232377566,0.5608055770720372,0.8802183193852327,681
london_us_1531,12.0,15.0,480,-0.4941218951082869,1291,-491.25999999999476,-0.3805267234701741,0.4810224632068164,0.8955626343573986,894
london_us_1531,12.0,25.0,120,-0.49582410745980476,1291,-497.42199999999843,-0.38529976762199725,0.4786986831913246,0.8605585764035967,1142
london_us_1531,4.0,25.0,1440,-0.49646711748234196,1291,-496.24999999999636,-0.3843919442292768,0.6940356312935708,0.8746945007740542,377
london_us_1531,4.0,8.0,1440,-0.4966688532465283,1291,-498.4279999999985,-0.38607900852052557,0.6088303640588691,0.8593306728831644,129
london_us_1531,8.0,20.0,120,-0.4971258895302357,1291,-499.62499999999636,-0.38700619674670517,0.49341595662277304,0.8536273608218499,1007
london_us_1531,5.0,5.0,1440,-0.5021619761599339,1291,-505.42299999999864,-0.3914972889233142,0.458559256390395,0.848011138526401,87
london_us_1531,12.0,12.0,120,-0.5024677577170852,1291,-504.49999999999795,-0.39078233927188066,0.47327652982184354,0.8573986633067968,1021
london_us_1531,4.0,20.0,240,-0.5026779770692992,1291,-506.0539999999967,-0.3919860573199045,0.6142525174283501,0.847162170814594,592
london_us_1531,10.0,8.0,120,-0.5029927074929179,1291,-506.1419999999971,-0.39205422153369257,0.46398140975987606,0.8489016049252625,830
london_us_1531,10.0,20.0,480,-0.5064073486473056,1291,-504.0719999999933,-0.39045081332300025,0.4957397366382649,0.8909434789296781,905
london_us_1531,6.0,8.0,120,-0.5064773158299151,1291,-510.9489999999946,-0.3957776917118471,0.4941905499612703,0.8391045764044581,657
london_us_1531,12.0,10.0,1440,-0.507579857594588,1291,-503.0339999999974,-0.3896467854376432,0.4608830364058869,0.9079998339353791,496
london_us_1531,8.0,15.0,120,-0.5108960797228898,1291,-513.9729999999961,-0.3981200619674641,0.49264136328427577,0.8498141279148265,964
london_us_1531,20.0,15.0,480,-0.5110272132637005,1291,-508.0339999999942,-0.3935197521301272,0.4632068164213788,0.8958187778186785,1047
london_us_1531,8.0,20.0,480,-0.511629866128307,1291,-510.08499999999253,-0.39510844306738385,0.5205267234701781,0.8847299401373534,818
london_us_1531,15.0,30.0,120,-0.5120732085295463,1291,-514.1009999999987,-0.39821920991479376,0.47792408985282725,0.8577235536109395,1206
london_us_1531,20.0,30.0,120,-0.5145364214273023,1291,-516.506999999998,-0.40008288148721766,0.4756003098373354,0.8582237224044387,1247
london_us_1531,10.0,8.0,480,-0.5164477004958117,1291,-515.8019999999974,-0.3995367931835766,0.44461657629744383,0.877848368211618,570
london_us_1531,6.0,8.0,240,-0.5209157848924291,1291,-523.6559999999981,-0.4056204492641349,0.5104570100697134,0.8527331585781219,507
london_us_1531,20.0,15.0,240,-0.5223599429640212,1291,-521.4959999999962,-0.40394732765297925,0.47714949651433,0.879416254582334,1112
london_us_1531,4.0,15.0,240,-0.5244769900221448,1291,-528.8769999999979,-0.40966460108442904,0.611154144074361,0.8407784463226323,542
london_us_1531,4.0,30.0,480,-0.525086294414646,1291,-527.8129999999965,-0.4088404337722668,0.6413632842757552,0.852991908626612,532
london_us_1531,6.0,20.0,120,-0.5261649653506569,1291,-530.7679999999948,-0.411129357087525,0.512006196746708,0.8394117784099915,893
london_us_1531,8.0,30.0,1440,-0.5266830514011716,1291,-522.4499999999982,-0.4046862896979072,0.56855151045701,0.9043802432323564,676
london_us_1531,25.0,15.0,240,-0.5278900810641003,1291,-527.1939999999961,-0.4083609604957367,0.4763749031758327,0.8781137189749422,1139
london_us_1531,30.0,12.0,240,-0.5289957437308201,1291,-528.3339999999962,-0.4092439969016237,0.4686289697908598,0.8778509720545734,1057
london_us_1531,12.0,20.0,240,-0.5298557878911551,1291,-529.5489999999954,-0.4101851278078973,0.4903175832687839,0.8752437763124116,1054
london_us_1531,25.0,30.0,120,-0.5299251427935888,1291,-532.5629999999978,-0.41251975213013,0.4756003098373354,0.8538165025350579,1267
london_us_1531,20.0,20.0,240,-0.5307086839908737,1291,-529.9559999999949,-0.4105003872966653,0.48024786986831913,0.8785007304317215,1175
london_us_1531,10.0,12.0,1440,-0.5319335074990779,1291,-527.8459999999991,-0.4088659953524393,0.5034856700232379,0.9029915440183915,516
london_us_1531,12.0,15.0,240,-0.533213362968608,1291,-533.0889999999968,-0.41292718822617874,0.4872192099147947,0.873903522258818,991
london_us_1531,10.0,20.0,120,-0.5357783185287553,1291,-539.5429999999981,-0.4179264136328413,0.48024786986831913,0.8459759975792045,1086
london_us_1531,25.0,20.0,240,-0.5362138792593217,1291,-535.6309999999946,-0.4148962044926372,0.47947327652982186,0.8772146391291283,1203
london_us_1531,12.0,30.0,120,-0.5396432669037001,1291,-542.9059999999988,-0.4205313710302082,0.4786986831913246,0.8497242114068279,1153
london_us_1531,10.0,8.0,240,-0.5398738964181136,1291,-541.5859999999986,-0.4195089078233917,0.4608830364058869,0.8607563726303099,676
london_us_1531,6.0,15.0,120,-0.5405024580171544,1291,-545.8139999999946,-0.4227838884585551,0.5112316034082107,0.8353102337068292,852
london_us_1531,25.0,15.0,480,-0.5418384609994727,1291,-539.4939999999938,-0.41788845855925155,0.4608830364058869,0.8898307663310105,1083
london_us_1531,10.0,15.0,120,-0.5420630718204702,1291,-546.1319999999978,-0.4230302091401997,0.47947327652982186,0.8441444140989535,1041
london_us_1531,4.0,8.0,240,-0.5423746648813719,1291,-548.935,-0.42520139426800924,0.5755228505034856,0.826713685747044,362
london_us_1531,8.0,8.0,480,-0.5427658395260206,1291,-543.7189999999966,-0.4211611154144048,0.4670797831138652,0.8662104809364601,502
london_us_1531,30.0,30.0,480,-0.5457750467301841,1291,-543.0199999999929,-0.42061967467079237,0.46630518977536795,0.8926499134212925,1230
london_us_1531,5.0,8.0,1440,-0.5460116675895648,1291,-547.7009999999984,-0.42424554608830245,0.5592563903950426,0.8610540944317984,176
london_us_1531,15.0,30.0,480,-0.5472091032076127,1291,-544.8589999999938,-0.42204415182028954,0.47714949651433,0.8897051470620992,1098
london_us_1531,5.0,20.0,1440,-0.5481670224493609,1291,-547.7859999999966,-0.4243113865220733,0.6398140975987606,0.8756939351250089,429
london_us_1531,4.0,20.0,120,-0.549786817084872,1291,-558.222999999995,-0.4323958171959682,0.5662277304415182,0.8144690250486425,706
london_us_1531,12.0,25.0,480,-0.5512045766847012,1291,-549.4379999999942,-0.42559101471726896,0.48644461657629745,0.8854526361479733,1003
london_us_1531,8.0,25.0,120,-0.5518123535668784,1291,-556.6109999999962,-0.4311471727343116,0.49341595662277304,0.8396101502926361,1017
london_us_1531,8.0,10.0,120,-0.5520192006667951,1291,-557.2399999999959,-0.4316343919442261,0.48412083656080557,0.8367137394704489,841
london_us_1531,20.0,25.0,480,-0.5531710325403684,1291,-550.8729999999935,-0.42670255615801195,0.4686289697908598,0.8891566822641007,1160
london_us_1531,5.0,8.0,120,-0.5616021890673516,1291,-570.2269999999953,-0.44169403563128995,0.512006196746708,0.8144200086244084,593
london_us_1531,30.0,25.0,240,-0.5624801567477495,1291,-562.3979999999942,-0.43562974438419383,0.47947327652982186,0.8735657791885036,1239
london_us_1531,30.0,10.0,240,-0.5639636497069966,1291,-564.6529999999968,-0.4373764523625072,0.458559256390395,0.8682716913134438,970
london_us_1531,5.0,8.0,480,-0.564128781937211,1291,-568.6819999999975,-0.44049728892331336,0.5352439969016266,0.8419903785293504,346
london_us_1531,8.0,8.0,240,-0.5641468760807595,1291,-567.5299999999975,-0.43960495739736444,0.4740511231603408,0.8499125175070774,606
london_us_1531,15.0,12.0,240,-0.5651444755894015,1291,-565.923999999997,-0.4383609604957374,0.4740511231603408,0.8676651881838612,966
london_us_1531,4.0,15.0,120,-0.5656996335032252,1291,-575.1029999999948,-0.44547095274980236,0.5654531371030209,0.8096735377106552,668
london_us_1531,10.0,10.0,1440,-0.5657986076514832,1291,-562.7919999999992,-0.43593493415956563,0.47947327652982186,0.8936907550821567,431
london_us_1531,4.0,25.0,240,-0.5683120930273385,1291,-574.6679999999967,-0.4451340046475575,0.6150271107668474,0.8301640882994961,608
london_us_1531,6.0,10.0,120,-0.5692562330857209,1291,-576.4279999999949,-0.4464972889233113,0.5027110766847405,0.8248131436033931,737
london_us_1531,5.0,20.0,480,-0.5714065797914086,1291,-574.4029999999948,-0.4449287374128542,0.587141750580945,0.8527961788711863,608
london_us_1531,5.0,8.0,240,-0.571959284167898,1291,-578.3739999999991,-0.4480046475600303,0.5352439969016266,0.8300447592427603,451
london_us_1531,8.0,12.0,120,-0.573627486526787,1291,-579.7319999999957,-0.4490565453137069,0.487993803253292,0.8322177408151746,900
london_us_1531,4.0,8.0,120,-0.5740824540876225,1291,-585.0619999999951,-0.45318512780789705,0.5437645236250969,0.8003174786285565,496
london_us_1531,10.0,10.0,120,-0.5742040465323074,1291,-580.1149999999977,-0.449353214562353,0.47095274980635166,0.8335369232301099,916
london_us_1531,6.0,12.0,1440,-0.5751301912900413,1291,-574.598999999999,-0.44508055770720295,0.5801704105344694,0.8765804167190225,333
london_us_1531,4.0,30.0,1440,-0.5753283319196948,1291,-577.7049999999965,-0.4474864446165736,0.6940356312935708,0.8570665469833071,397
london_us_1531,4.0,12.0,1440,-0.5766899934105105,1291,-580.0989999999979,-0.4493408210689372,0.6599535243996901,0.8502399495239868,219
london_us_1531,10.0,15.0,480,-0.5773819360294954,1291,-576.9279999999944,-0.4468845855925596,0.4895429899302866,0.8760473373493003,824
london_us_1531,6.0,25.0,120,-0.5804976427010405,1291,-587.7539999999947,-0.45527033307513143,0.512006196746708,0.8251842950982055,903
london_us_1531,15.0,25.0,240,-0.5805509293760263,1291,-581.3919999999953,-0.45034237025561213,0.48489542989930284,0.8673971253016344,1141
london_us_1531,20.0,12.0,240,-0.5805537388028098,1291,-581.6799999999967,-0.45056545313710045,0.4694035631293571,0.8655010149623423,1021
london_us_1531,6.0,15.0,480,-0.5848387320657267,1291,-586.9849999999951,-0.45467467079782736,0.5538342370255616,0.858838657360202,614
london_us_1531,5.0,20.0,120,-0.5849076359596115,1291,-593.8459999999955,-0.45998915569325755,0.5313710302091402,0.8147049471943778,816
london_us_1531,25.0,12.0,240,-0.5860434249546953,1291,-587.3779999999965,-0.45497908597985787,0.4686289697908598,0.8642001996151509,1048
london_us_1531,8.0,12.0,1440,-0.586336334483175,1291,-584.2319999999991,-0.4525422153369474,0.5298218435321457,0.8869500873853892,429
london_us_1531,30.0,10.0,480,-0.5887666185699791,1291,-587.9689999999966,-0.4554368706429099,0.4337722695584818,0.8782539789028704,896
london_us_1531,8.0,30.0,120,-0.590454727692715,1291,-597.0949999999966,-0.4625058094500361,0.49341595662277304,0.8299285044321222,1028
london_us_1531,4.0,12.0,480,-0.5916052160428098,1291,-597.8989999999969,-0.46312858249418815,0.6219984508133231,0.8322308646340171,377
london_us_1531,4.0,12.0,240,-0.5919622698351114,1291,-600.0449999999983,-0.4647908597986044,0.6018590240123934,0.8208298895439391,481
london_us_1531,25.0,25.0,480,-0.593622473540439,1291,-592.352999999993,-0.45883268783887915,0.46630518977536795,0.8813002382399472,1198
london_us_1531,4.0,25.0,120,-0.5941057868460214,1291,-605.2089999999948,-0.46879085979860174,0.5662277304415182,0.8019456294514136,716
london_us_1531,4.0,30.0,240,-0.5950172335663837,1291,-602.7469999999964,-0.46688381099922266,0.6150271107668474,0.8233317554506574,619
london_us_1531,10.0,25.0,120,-0.5950472343486979,1291,-601.528999999998,-0.4659403563129341,0.48024786986831913,0.8312665534538063,1096
london_us_1531,30.0,30.0,240,-0.5956671539815628,1291,-596.6069999999941,-0.46212780790084745,0.47947327652982186,0.8668987916176236,1253
london_us_1531,6.0,25.0,480,-0.5978025708788645,1291,-600.1279999999949,-0.4648551510456971,0.5615801704105344,0.8579925566110252,703
london_us_1531,5.0,15.0,120,-0.5981381212840325,1291,-607.8919999999953,-0.4708690937257903,0.530596436870643,0.8108561121598513,775
london_us_1531,15.0,10.0,480,-0.5994055519237234,1291,-599.387999999997,-0.46428195197521066,0.44461657629744383,0.8731134133492704,780
london_us_1531,10.0,12.0,120,-0.5996257108421159,1291,-606.6069999999975,-0.469873741285823,0.4748257164988381,0.8284266058445161,975
london_us_1531,6.0,20.0,240,-0.6004610806491069,1291,-605.2159999999953,-0.4687962819519716,0.5429899302865996,0.8425715205050905,777
london_us_1531,6.0,15.0,240,-0.6032218691879316,1291,-608.2219999999961,-0.4711247095274951,0.5398915569326104,0.8411604633914497,721
london_us_1531,4.0,10.0,480,-0.6045675753701496,1291,-612.0839999999987,-0.47411618900077357,0.6072811773818745,0.825439350495348,324
london_us_1531,15.0,10.0,240,-0.6061845092613293,1291,-608.7709999999977,-0.4715499612703313,0.46398140975987606,0.8565447506026684,881
london_us_1531,6.0,12.0,120,-0.6070104948222264,1291,-616.0679999999945,-0.47720216886134353,0.5058094500387297,0.8160586922977721,792
london_us_1531,12.0,30.0,480,-0.6077863220723364,1291,-607.4939999999942,-0.4705608055770676,0.48644461657629745,0.8748636618405802,1023
london_us_1531,4.0,10.0,120,-0.6101287335343627,1291,-622.8719999999953,-0.4824725019364797,0.5553834237025561,0.7937627393406747,564
london_us_1531,6.0,25.0,1440,-0.6113548352777658,1291,-610.805999999998,-0.4731262587141735,0.6150271107668474,0.876480055911033,520
london_us_1531,15.0,30.0,240,-0.6136430618023675,1291,-615.6009999999951,-0.47684043377226576,0.48489542989930284,0.8606818025971178,1155
london_us_1531,10.0,15.0,240,-0.6137111887581066,1291,-616.8489999999958,-0.47780712625871097,0.4903175832687839,0.8532986744894824,920
london_us_1531,20.0,25.0,240,-0.6139467575984275,1291,-615.7669999999948,-0.4769690162664561,0.48024786986831913,0.861551190919179,1202
london_us_1531,8.0,20.0,240,-0.6142345358169424,1291,-618.1729999999936,-0.47883268783887967,0.5073586367157242,0.8483245907198188,900
london_us_1531,20.0,10.0,240,-0.615255848525827,1291,-617.9989999999973,-0.47869790859798395,0.45933384972889235,0.855808668526225,934
london_us_1531,10.0,20.0,240,-0.6156461824703444,1291,-618.7519999999945,-0.47928117738187026,0.49341595662277304,0.8535595274159357,982
london_us_1531,5.0,10.0,120,-0.6184809988285016,1291,-630.0209999999956,-0.4880100697133971,0.5213013168086754,0.80205883369412,667
london_us_1531,6.0,30.0,120,-0.6188892637817814,1291,-628.237999999995,-0.48662896979085596,0.512006196746708,0.8153663398693783,914
london_us_1531,25.0,25.0,240,-0.6194029285040143,1291,-621.4419999999946,-0.481364833462428,0.47947327652982186,0.8602919372943395,1230
london_us_1531,20.0,30.0,480,-0.6195914311124257,1291,-618.9289999999935,-0.4794182804027835,0.4686289697908598,0.8771452181081343,1180
london_us_1531,25.0,10.0,240,-0.6207173731170611,1291,-623.6969999999972,-0.4831115414407414,0.458559256390395,0.8544972736479233,961
london_us_1531,12.0,12.0,240,-0.6210094325671786,1291,-624.230999999997,-0.4835251742834989,0.4786986831913246,0.853011997694273,904
london_us_1531,8.0,25.0,480,-0.6239349547346283,1291,-625.6379999999931,-0.4846150271107615,0.5213013168086754,0.8624573310560455,841
london_us_1531,30.0,12.0,480,-0.6243809702849771,1291,-624.1199999999938,-0.4834391944229231,0.447714949651433,0.8746194608628791,984
london_us_1531,5.0,15.0,1440,-0.6248328342538992,1291,-627.3049999999973,-0.48590627420603977,0.627420604182804,0.857736774081766,360
london_us_1531,4.0,12.0,120,-0.6255091172119729,1291,-639.038999999995,-0.4949953524399651,0.5600309837335399,0.7909999404762308,615
london_us_1531,12.0,25.0,240,-0.6258635979061378,1291,-628.7439999999954,-0.48702091402013586,0.4903175832687839,0.855257011900693,1077
london_us_1531,4.0,30.0,120,-0.6259178225690131,1291,-639.0939999999953,-0.4950379550735827,0.5662277304415182,0.793150501819459,726
london_us_1531,10.0,25.0,480,-0.6287185275345389,1291,-629.6319999999937,-0.48770875290472016,0.4957397366382649,0.8673810370840321,931
london_us_1531,8.0,15.0,480,-0.6291546950375053,1291,-631.3849999999939,-0.489066615027106,0.5127807900852053,0.8593190111901318,740
london_us_1531,15.0,12.0,480,-0.6366059793530003,1291,-637.2839999999944,-0.493635941130902,0.458559256390395,0.8688794290052662,864
london_us_1531,10.0,30.0,120,-0.638291665833509,1291,-647.0129999999983,-0.5011719597211451,0.48024786986831913,0.8207943608137495,1107
london_us_1531,5.0,25.0,120,-0.6386440986960854,1291,-650.8319999999953,-0.504130131680864,0.5313710302091402,0.8004716950763888,826
london_us_1531,5.0,20.0,240,-0.6424612214061359,1291,-650.8469999999963,-0.5041417505809421,0.5701006971340047,0.8230986860290951,702
london_us_1531,8.0,15.0,240,-0.6457058720118917,1291,-651.1599999999949,-0.5043841982958907,0.5034856700232379,0.8405596816482529,839
london_us_1531,8.0,10.0,1440,-0.6462305462839306,1291,-646.357999999999,-0.5006646010844299,0.5050348567002324,0.8722362928248232,350
london_us_1531,20.0,30.0,240,-0.6469510216434439,1291,-649.9759999999947,-0.5034670797831097,0.48024786986831913,0.8549751172736824,1216
london_us_1531,6.0,30.0,480,-0.6503764738633392,1291,-654.7649999999949,-0.5071766072811734,0.5615801704105344,0.8470414320752211,721
london_us_1531,5.0,12.0,120,-0.6509110307148198,1291,-664.3129999999953,-0.5145724244771459,0.5251742835011619,0.7948654052510108,719
london_us_1531,5.0,15.0,240,-0.6521871776528185,1291,-661.2289999999973,-0.5121835786212218,0.5670023237800155,0.8200395612554444,647
london_us_1531,25.0,30.0,240,-0.6523881932878635,1291,-655.6509999999944,-0.5078628969790816,0.47947327652982186,0.8537262546749979,1244
london_us_1531,6.0,30.0,1440,-0.6556361842731171,1291,-656.3759999999986,-0.5084244771494955,0.6158017041053447,0.8686346571017035,548
london_us_1531,4.0,10.0,240,-0.6557117336114382,1291,-668.0529999999985,-0.5174694035631282,0.5910147172734315,0.8014521965728854,420
london_us_1531,12.0,10.0,240,-0.6578131226691978,1291,-662.9989999999977,-0.5135546088303623,0.4686289697908598,0.8427059831128133,822
london_us_1531,12.0,30.0,240,-0.658771976712946,1291,-662.9529999999952,-0.5135189775367894,0.4903175832687839,0.848574281750378,1091
london_us_1531,25.0,30.0,480,-0.6598025051279985,1291,-660.4089999999931,-0.5115484120836506,0.46630518977536795,0.8694431819686976,1218
london_us_1531,6.0,12.0,240,-0.6686402261162236,1291,-677.2659999999962,-0.5246057319907019,0.530596436870643,0.8236728194655408,648
london_us_1531,5.0,15.0,480,-0.6698415468618868,1291,-677.5199999999957,-0.5248024786986798,0.5801704105344694,0.8291066108692059,543
london_us_1531,8.0,30.0,480,-0.6702917644045973,1291,-673.6939999999931,-0.5218388845855872,0.5213013168086754,0.8534408849403906,861
london_us_1531,5.0,25.0,480,-0.6705543128335831,1291,-677.9109999999953,-0.525105344694032,0.5879163439194423,0.8309702211713416,629
london_us_1531,6.0,10.0,1440,-0.6740879023088876,1291,-677.6209999999994,-0.524880712625871,0.5546088303640588,0.8528062820401426,263
london_us_1531,5.0,30.0,120,-0.6766183603136289,1291,-691.3159999999957,-0.5354887683965884,0.5313710302091402,0.7906585548355616,837
london_us_1531,6.0,25.0,240,-0.6783598558583813,1291,-686.8139999999953,-0.5320015491866733,0.5437645236250969,0.8253263936663044,797
london_us_1531,20.0,10.0,480,-0.6792852232134643,1291,-681.8909999999967,-0.5281882261812523,0.4360960495739737,0.8581997262110221,854
london_us_1531,12.0,10.0,480,-0.6798018645134257,1291,-683.2629999999974,-0.5292509682416712,0.45313710302091403,0.8533809400779899,713
london_us_1531,10.0,30.0,480,-0.6848297496788409,1291,-687.6879999999937,-0.5326785437645187,0.4957397366382649,0.8569025786492936,951
london_us_1531,4.0,10.0,1440,-0.6895461133591124,1291,-699.1839999999988,-0.5415832687838875,0.6343919442292796,0.8196127157369838,165
london_us_1531,6.0,10.0,480,-0.6910543024103805,1291,-698.8899999999971,-0.541355538342368,0.528272656855151,0.829577348703536,468
london_us_1531,8.0,25.0,240,-0.6952221868347517,1291,-702.7709999999936,-0.5443617350890733,0.5081332300542215,0.8313981789388265,920
london_us_1531,6.0,30.0,240,-0.6999486108240388,1291,-709.5519999999951,-0.5496142525174246,0.5437645236250969,0.8205811127606166,810
london_us_1531,5.0,12.0,240,-0.7012412674129234,1291,-713.6319999999976,-0.5527745933384954,0.557707203718048,0.8057534257015677,579
london_us_1531,25.0,10.0,480,-0.7015855306955155,1291,-705.0419999999967,-0.546120836560803,0.4337722695584818,0.8540126125588893,885
london_us_1531,6.0,10.0,240,-0.7037737140249472,1291,-714.8659999999966,-0.5537304415182003,0.5220759101471727,0.8129042287906173,577
london_us_1531,6.0,12.0,480,-0.7059528525956796,1291,-713.834999999995,-0.5529318357862084,0.5422153369481022,0.8302344352729776,533
london_us_1531,10.0,25.0,240,-0.7107138723115165,1291,-717.9469999999944,-0.5561169635941088,0.49341595662277304,0.833980540990526,1005
london_us_1531,10.0,12.0,240,-0.7114068353927544,1291,-719.4289999999964,-0.5572649109217633,0.4810224632068164,0.8298131900106219,836
london_us_1531,12.0,12.0,480,-0.7158721942479752,1291,-720.1589999999949,-0.5578303640588651,0.4670797831138652,0.849945648561537,793
london_us_1531,5.0,30.0,480,-0.716274915848954,1291,-725.998999999995,-0.5623539891556895,0.5879163439194423,0.8211247523523,646
london_us_1531,5.0,25.0,1440,-0.7173756405059142,1291,-723.028999999997,-0.560053446940354,0.6421378776142526,0.8427170358027368,465
london_us_1531,8.0,30.0,240,-0.7182700018283148,1291,-726.9799999999934,-0.563113865220754,0.5081332300542215,0.8265973164063501,934
london_us_1531,5.0,25.0,240,-0.7186646552106603,1291,-731.3679999999963,-0.5665127807900824,0.570875290472502,0.8057287297651811,721
london_us_1531,20.0,12.0,480,-0.7225175778696344,1291,-726.1709999999941,-0.5624872192099103,0.4500387296669249,0.8535146392366489,939
london_us_1531,8.0,12.0,240,-0.7274335352305306,1291,-737.4649999999956,-0.5712354763748998,0.4941905499612703,0.8203170075161013,758
london_us_1531,5.0,12.0,1440,-0.7310801596797485,1291,-738.9049999999982,-0.5723508907823378,0.6072811773818745,0.8319857876718563,287
london_us_1531,25.0,12.0,480,-0.7373040491086074,1291,-741.5089999999939,-0.5743679318357815,0.447714949651433,0.8510369829599639,972
london_us_1531,5.0,10.0,240,-0.7388087156053634,1291,-754.2559999999978,-0.5842416731216095,0.5476374903175832,0.7936803360391977,514
london_us_1531,10.0,10.0,480,-0.7418003288704169,1291,-748.7549999999974,-0.5799806351665355,0.4616576297443842,0.8370263620478455,651
london_us_1531,5.0,30.0,240,-0.7425016451373545,1291,-756.696999999996,-0.58613245546088,0.570875290472502,0.8003439575113801,733
london_us_1531,10.0,30.0,240,-0.7433070623287109,1291,-752.1559999999943,-0.5826150271107624,0.49341595662277304,0.82743506985136,1019
london_us_1531,10.0,10.0,240,-0.7550319035025372,1291,-766.0069999999973,-0.5933439194422907,0.47095274980635166,0.8175089291159705,756
london_us_1531,5.0,10.0,480,-0.7556466117640659,1291,-769.6119999999978,-0.5961363284275738,0.5538342370255616,0.8027204972924482,409
london_us_1531,8.0,10.0,240,-0.764484317371063,1291,-777.3049999999962,-0.6020952749806322,0.48489542989930284,0.8091196649682453,683
london_us_1531,8.0,10.0,480,-0.7662386480194951,1291,-775.9759999999965,-0.6010658404337695,0.48489542989930284,0.8243995739295008,578
london_us_1531,5.0,30.0,1440,-0.767847455317436,1291,-775.7929999999976,-0.6009240898528254,0.6429124709527498,0.8333333691389827,490
london_us_1531,10.0,12.0,480,-0.773981036271906,1291,-781.6779999999947,-0.6054825716498796,0.4756003098373354,0.83486365675011,727
london_us_1531,5.0,12.0,480,-0.7783613000788739,1291,-792.9159999999956,-0.614187451587913,0.5677769171185127,0.8019075352313426,469
london_us_1531,5.0,10.0,1440,-0.7910004908808765,1291,-803.0239999999985,-0.6220170410534458,0.5832687838884586,0.8150103872133844,222
london_us_1531,8.0,12.0,480,-0.7964080365188361,1291,-806.8529999999942,-0.6249829589465485,0.49961270333075136,0.8228628082655384,648
