date,side,entry_time,entry_price,lot,mode,lot_tp4,lot_runner,tp4_points,runner_points,result_points_weighted,outcome,exit_time,start_balance,risk_eur_nominal,risk_pct_actual,pnl_eur,end_balance,tp4_time
2026-01-02,LONG,2026-01-02T10:01:00+02:00,4383.935,0.01,0.01 fallback -> full TP25,0.0,0.01,0.0,-20.0,-20.0,SL20_FALLBACK,2026-01-02T15:57:00+02:00,300.0,20.0,6.67,-20.0,280.0,
2026-01-08,SHORT,2026-01-08T14:06:00+02:00,4413.835,0.01,0.01 fallback -> full TP25,0.0,0.01,0.0,-20.0,-20.0,SL20_FALLBACK,2026-01-08T15:25:00+02:00,280.0,20.0,7.14,-20.0,260.0,
2026-01-09,LONG,2026-01-09T15:34:00+02:00,4485.035,0.01,0.01 fallback -> full TP25,0.0,0.01,0.0,25.0,25.0,TP25_FALLBACK,2026-01-09T17:24:00+02:00,260.0,20.0,7.69,25.0,285.0,
2026-01-16,SHORT,2026-01-16T15:17:00+02:00,4586.325,0.01,0.01 fallback -> full TP25,0.0,0.01,0.0,-20.0,-20.0,SL20_FALLBACK,2026-01-16T16:06:00+02:00,285.0,20.0,7.02,-20.0,265.0,
2026-01-22,LONG,2026-01-22T10:03:00+02:00,4835.645,0.01,0.01 fallback -> full TP25,0.0,0.01,0.0,-20.0,-20.0,SL20_FALLBACK,2026-01-22T11:42:00+02:00,265.0,20.0,7.55,-20.0,245.0,
2026-01-23,SHORT,2026-01-23T10:23:00+02:00,4927.895,0.01,0.01 fallback -> full TP25,0.0,0.01,0.0,25.0,25.0,TP25_FALLBACK,2026-01-23T10:28:00+02:00,245.0,20.0,8.16,25.0,270.0,
2026-01-30,SHORT,2026-01-30T10:34:00+02:00,5067.602,0.01,0.01 fallback -> full TP25,0.0,0.01,0.0,-20.0,-20.0,SL20_FALLBACK,2026-01-30T10:34:00+02:00,270.0,20.0,7.41,-20.0,250.0,
2026-02-06,LONG,2026-02-06T15:01:00+02:00,4908.051,0.01,0.01 fallback -> full TP25,0.0,0.01,0.0,25.0,25.0,TP25_FALLBACK,2026-02-06T15:38:00+02:00,250.0,20.0,8.0,25.0,275.0,
2026-02-19,LONG,2026-02-19T10:46:00+02:00,5021.785,0.01,0.01 fallback -> full TP25,0.0,0.01,0.0,-20.0,-20.0,SL20_FALLBACK,2026-02-19T11:29:00+02:00,275.0,20.0,7.27,-20.0,255.0,
2026-02-20,LONG,2026-02-20T10:55:00+02:00,5031.015,0.01,0.01 fallback -> full TP25,0.0,0.01,0.0,-20.0,-20.0,SL20_FALLBACK,2026-02-20T14:30:00+02:00,255.0,20.0,7.84,-20.0,235.0,
2026-02-27,LONG,2026-02-27T15:08:00+02:00,5210.145,0.01,0.01 fallback -> full TP25,0.0,0.01,0.0,25.0,25.0,TP25_FALLBACK,2026-02-27T15:24:00+02:00,235.0,20.0,8.51,25.0,260.0,
2026-03-05,SHORT,2026-03-05T15:21:00+02:00,5116.748,0.01,0.01 fallback -> full TP25,0.0,0.01,0.0,25.0,25.0,TP25_FALLBACK,2026-03-05T15:23:00+02:00,260.0,20.0,7.69,25.0,285.0,
2026-03-06,SHORT,2026-03-06T13:57:00+02:00,5065.785,0.01,0.01 fallback -> full TP25,0.0,0.01,0.0,-20.0,-20.0,SL20_FALLBACK,2026-03-06T14:04:00+02:00,285.0,20.0,7.02,-20.0,265.0,
2026-03-12,LONG,2026-03-12T10:01:00+02:00,5185.675,0.01,0.01 fallback -> full TP25,0.0,0.01,0.0,-20.0,-20.0,SL20_FALLBACK,2026-03-12T14:15:00+02:00,265.0,20.0,7.55,-20.0,245.0,
2026-03-13,SHORT,2026-03-13T10:01:00+02:00,5080.295,0.01,0.01 fallback -> full TP25,0.0,0.01,0.0,-20.0,-20.0,SL20_FALLBACK,2026-03-13T13:57:00+02:00,245.0,20.0,8.16,-20.0,225.0,
2026-03-19,SHORT,2026-03-19T10:01:00+02:00,4731.075,0.01,0.01 fallback -> full TP25,0.0,0.01,0.0,25.0,25.0,TP25_FALLBACK,2026-03-19T10:14:00+02:00,225.0,20.0,8.89,25.0,250.0,
2026-03-20,SHORT,2026-03-20T15:52:00+02:00,4630.655,0.01,0.01 fallback -> full TP25,0.0,0.01,0.0,25.0,25.0,TP25_FALLBACK,2026-03-20T16:08:00+02:00,250.0,20.0,8.0,25.0,275.0,
2026-03-26,SHORT,2026-03-26T10:44:00+02:00,4413.365,0.01,0.01 fallback -> full TP25,0.0,0.01,0.0,-20.0,-20.0,SL20_FALLBACK,2026-03-26T10:47:00+02:00,275.0,20.0,7.27,-20.0,255.0,
2026-04-09,LONG,2026-04-09T13:25:00+03:00,4738.775,0.01,0.01 fallback -> full TP25,0.0,0.01,0.0,25.0,25.0,TP25_FALLBACK,2026-04-09T16:35:00+03:00,255.0,20.0,7.84,25.0,280.0,
2026-04-10,SHORT,2026-04-10T11:48:00+03:00,4736.445,0.01,0.01 fallback -> full TP25,0.0,0.01,0.0,-20.0,-20.0,SL20_FALLBACK,2026-04-10T12:19:00+03:00,280.0,20.0,7.14,-20.0,260.0,
2026-04-17,LONG,2026-04-17T14:48:00+03:00,4807.245,0.01,0.01 fallback -> full TP25,0.0,0.01,0.0,25.0,25.0,TP25_FALLBACK,2026-04-17T15:48:00+03:00,260.0,20.0,7.69,25.0,285.0,
2026-04-23,SHORT,2026-04-23T13:10:00+03:00,4691.115,0.01,0.01 fallback -> full TP25,0.0,0.01,0.0,-20.0,-20.0,SL20_FALLBACK,2026-04-23T14:47:00+03:00,285.0,20.0,7.02,-20.0,265.0,
2026-04-24,LONG,2026-04-24T14:27:00+03:00,4713.335,0.01,0.01 fallback -> full TP25,0.0,0.01,0.0,-20.0,-20.0,SL20_FALLBACK,2026-04-24T15:49:00+03:00,265.0,20.0,7.55,-20.0,245.0,
2026-04-30,LONG,2026-04-30T10:01:00+03:00,4589.215,0.01,0.01 fallback -> full TP25,0.0,0.01,0.0,25.0,25.0,TP25_FALLBACK,2026-04-30T11:04:00+03:00,245.0,20.0,8.16,25.0,270.0,
2026-05-01,SHORT,2026-05-01T10:01:00+03:00,4595.115,0.01,0.01 fallback -> full TP25,0.0,0.01,0.0,25.0,25.0,TP25_FALLBACK,2026-05-01T11:22:00+03:00,270.0,20.0,7.41,25.0,295.0,
2026-05-07,LONG,2026-05-07T10:01:00+03:00,4740.505,0.01,0.01 fallback -> full TP25,0.0,0.01,0.0,21.550000000000182,21.550000000000182,TIME_FALLBACK,2026-05-07T18:00:00+03:00,295.0,20.0,6.78,21.55,316.55,
2026-05-14,LONG,2026-05-14T10:36:00+03:00,4713.195,0.01,0.01 fallback -> full TP25,0.0,0.01,0.0,-20.0,-20.0,SL20_FALLBACK,2026-05-14T10:58:00+03:00,316.55,20.0,6.32,-20.0,296.55,
2026-05-15,SHORT,2026-05-15T11:18:00+03:00,4555.875,0.01,0.01 fallback -> full TP25,0.0,0.01,0.0,25.0,25.0,TP25_FALLBACK,2026-05-15T16:37:00+03:00,296.55,20.0,6.74,25.0,321.55,
2026-05-21,SHORT,2026-05-21T10:25:00+03:00,4517.985,0.01,0.01 fallback -> full TP25,0.0,0.01,0.0,-20.0,-20.0,SL20_FALLBACK,2026-05-21T12:11:00+03:00,321.55,20.0,6.22,-20.0,301.55,
2026-05-29,LONG,2026-05-29T10:01:00+03:00,4522.605,0.01,0.01 fallback -> full TP25,0.0,0.01,0.0,25.0,25.0,TP25_FALLBACK,2026-05-29T17:02:00+03:00,301.55,20.0,6.63,25.0,326.55,
2026-06-04,LONG,2026-06-04T14:27:00+03:00,4486.645,0.01,0.01 fallback -> full TP25,0.0,0.01,0.0,25.0,25.0,TP25_FALLBACK,2026-06-04T14:57:00+03:00,326.55,20.0,6.12,25.0,351.55,
2026-06-05,SHORT,2026-06-05T15:52:00+03:00,4427.635,0.01,0.01 fallback -> full TP25,0.0,0.01,0.0,25.0,25.0,TP25_FALLBACK,2026-06-05T16:00:00+03:00,351.55,20.0,5.69,25.0,376.55,
2026-06-18,SHORT,2026-06-18T14:01:00+03:00,4253.455,0.01,0.01 fallback -> full TP25,0.0,0.01,0.0,-20.0,-20.0,SL20_FALLBACK,2026-06-18T16:31:00+03:00,376.55,20.0,5.31,-20.0,356.55,
2026-06-26,LONG,2026-06-26T10:28:00+03:00,4037.745,0.01,0.01 fallback -> full TP25,0.0,0.01,0.0,25.0,25.0,TP25_FALLBACK,2026-06-26T16:00:00+03:00,356.55,20.0,5.61,25.0,381.55,
2026-07-02,LONG,2026-07-02T10:43:00+03:00,4075.275,0.01,0.01 fallback -> full TP25,0.0,0.01,0.0,25.0,25.0,TP25_FALLBACK,2026-07-02T15:30:00+03:00,381.55,20.0,5.24,25.0,406.55,
2026-07-09,LONG,2026-07-09T10:01:00+03:00,4108.055,0.02,split 50/50,0.01,0.01,4.0,25.0,14.499999999999998,TP4 + TP25,2026-07-09T17:04:00+03:00,406.55,40.0,9.84,29.0,435.55,2026-07-09T11:17:00+03:00
2026-07-10,SHORT,2026-07-10T10:44:00+03:00,4107.035,0.02,split 50/50,0.01,0.01,4.0,25.0,14.499999999999998,TP4 + TP25,2026-07-10T17:33:00+03:00,435.55,40.0,9.18,29.0,464.55,2026-07-10T11:34:00+03:00
2026-07-16,SHORT,2026-07-16T10:31:00+03:00,4023.385,0.02,split,0.01,0.01,-20.0,-20.0,-20.0,SL20_BEFORE_TP4,2026-07-16T15:04:00+03:00,464.55,40.0,8.61,-40.0,424.55,
2026-07-17,SHORT,2026-07-17T15:44:00+03:00,3966.255,0.02,split 50/50,0.01,0.01,4.0,-20.0,-8.0,TP4 + RUNNER_SL20,2026-07-17T16:38:00+03:00,424.55,40.0,9.42,-16.0,408.55,2026-07-17T16:00:00+03:00
2026-07-23,SHORT,2026-07-23T10:09:00+03:00,4111.905,0.02,split 50/50,0.01,0.01,4.0,25.0,14.499999999999998,TP4 + TP25,2026-07-23T13:21:00+03:00,408.55,40.0,9.79,29.0,437.55,2026-07-23T10:10:00+03:00
2026-07-24,LONG,2026-07-24T10:35:00+03:00,4053.995,0.02,split 50/50,0.01,0.01,4.0,25.0,14.499999999999998,TP4 + TP25,2026-07-24T18:15:00+03:00,437.55,40.0,9.14,29.0,466.55,2026-07-24T11:59:00+03:00
2026-07-31,SHORT,2026-07-31T10:31:00+03:00,4071.465,0.02,split 50/50,0.01,0.01,4.0,25.0,14.499999999999998,TP4 + TP25,2026-07-31T15:30:00+03:00,466.55,40.0,8.57,29.0,495.55,2026-07-31T11:00:00+03:00
2026-08-07,LONG,2026-08-07T10:01:00+03:00,4295.675,0.02,split 50/50,0.01,0.01,4.0,25.0,14.499999999999998,TP4 + TP25,2026-08-07T14:03:00+03:00,495.55,40.0,8.07,29.0,524.55,2026-08-07T11:13:00+03:00
2026-08-13,SHORT,2026-08-13T10:01:00+03:00,4379.695,0.02,split 50/50,0.01,0.01,4.0,-20.0,-8.0,TP4 + RUNNER_SL20,2026-08-13T15:30:00+03:00,524.55,40.0,7.63,-16.0,508.55,2026-08-13T10:13:00+03:00
2026-08-14,LONG,2026-08-14T14:51:00+03:00,4365.315,0.02,split 50/50,0.01,0.01,4.0,25.0,14.499999999999998,TP4 + TP25,2026-08-14T16:34:00+03:00,508.55,40.0,7.87,29.0,537.55,2026-08-14T15:00:00+03:00
2026-08-20,SHORT,2026-08-20T14:44:00+03:00,4476.905,0.02,split 50/50,0.01,0.01,4.0,25.0,14.499999999999998,TP4 + TP25,2026-08-20T15:06:00+03:00,537.55,40.0,7.44,29.0,566.55,2026-08-20T14:45:00+03:00
