strategy,tp,sl,rr,horizon_min,train_n,train_net,train_ev,train_wr,train_pf,train_dd,train_streak,train_tp,train_sl,train_time,oos_n,oos_net,oos_ev,oos_wr,oos_pf,oos_dd,oos_streak,oos_tp,oos_sl,oos_time,all_n,all_net,all_wr,all_pf,n_2018,net_2018,wr_2018,tp_2018,sl_2018,time_2018,n_2019,net_2019,wr_2019,tp_2019,sl_2019,time_2019,n_2020,net_2020,wr_2020,tp_2020,sl_2020,time_2020,n_2021,net_2021,wr_2021,tp_2021,sl_2021,time_2021,n_2022,net_2022,wr_2022,tp_2022,sl_2022,time_2022,n_2023,net_2023,wr_2023,tp_2023,sl_2023,time_2023,n_2024,net_2024,wr_2024,tp_2024,sl_2024,time_2024,n_2025,net_2025,wr_2025,tp_2025,sl_2025,time_2025,n_2026,net_2026,wr_2026,tp_2026,sl_2026,time_2026,oos_all_years_positive,train_pos_years,smooth_score,profit_score
CORE A - Asia Compression Breakout,12.0,15.0,0.8,1440,220,20.405000000000427,0.09275000000000194,0.5181818181818182,1.0217689092394915,168.99299999999994,5,63,40,117,176,304.3499999999999,1.7292613636363632,0.6079545454545454,1.354823666569513,97.39699999999993,5,93,50,33,396,324.75500000000034,0.5580808080808081,1.180912330036945,34,14.25599999999963,0.5588235294117647,3,1,30,58,-102.66799999999967,0.41379310344827586,7,9,42,45,-35.233999999999696,0.4888888888888889,17,14,14,40,74.21500000000015,0.6,15,7,18,43,69.83600000000001,0.5813953488372093,21,9,13,46,32.557000000000244,0.5652173913043478,17,10,19,45,114.46199999999953,0.6222222222222222,24,9,12,50,34.33100000000013,0.58,28,20,2,35,123.0,0.6857142857142857,24,11,0,True,3,0.9265982502937669,22.02049798054601
CORE A - Asia Compression Breakout,12.0,35.0,0.34285714285714286,1440,220,12.928000000000793,0.058763636363639966,0.5363636363636364,1.0134634410505825,218.99999999999977,5,64,4,152,176,438.02200000000016,2.4887613636363644,0.6988636363636364,1.4791901873780207,85.42499999999973,4,108,16,52,396,450.95000000000095,0.6085858585858586,1.2405941787892987,34,18.61599999999953,0.5588235294117647,3,0,31,58,-145.5839999999996,0.41379310344827586,7,1,50,45,-34.15299999999934,0.5111111111111111,17,1,27,40,69.63599999999997,0.6,15,0,25,43,104.41300000000024,0.6511627906976745,22,2,19,46,0.43800000000032924,0.5652173913043478,17,3,26,45,117.27799999999979,0.6444444444444445,25,1,19,50,88.30600000000004,0.74,35,8,7,35,232.0,0.8857142857142857,31,4,0,True,3,1.1602052177502753,32.23477907176701
CORE A - Asia Compression Breakout,15.0,12.0,1.25,1440,220,44.27299999999968,0.20124090909090767,0.4863636363636364,1.0469947976982916,153.76800000000026,5,46,59,115,176,442.00299999999993,2.5113806818181814,0.5568181818181818,1.5345334050877073,75.08899999999994,7,78,65,33,396,486.2759999999996,0.5176767676767676,1.2748909257209529,34,26.25599999999963,0.5588235294117647,3,1,30,58,-115.25,0.39655172413793105,4,16,38,45,-0.02699999999958891,0.4666666666666667,13,18,14,40,54.960999999999785,0.525,11,12,17,43,78.33299999999986,0.5348837209302325,15,12,16,46,77.78300000000058,0.5434782608695652,15,15,16,45,106.5989999999997,0.5555555555555556,17,14,14,50,83.62099999999964,0.52,24,23,3,35,174.0,0.6285714285714286,22,13,0,True,3,1.0190792909544877,32.64651972011447
CORE A - Asia Compression Breakout,15.0,15.0,1.0,1440,220,99.92600000000039,0.45420909090909267,0.5136363636363637,1.1065928497901236,147.32200000000057,5,48,40,132,176,361.3609999999999,2.0531874999999995,0.5738636363636364,1.389764293349239,95.75400000000036,5,79,54,43,396,461.28700000000026,0.5404040404040404,1.2473943221590684,34,23.25599999999963,0.5588235294117647,3,1,30,58,-99.92899999999986,0.41379310344827586,4,9,45,45,1.1250000000004547,0.4888888888888889,14,14,17,40,89.98300000000017,0.6,11,7,22,43,85.49099999999999,0.5581395348837209,16,9,18,46,72.76900000000046,0.5652173913043478,15,10,21,45,101.36799999999971,0.5777777777777777,17,10,18,50,22.223999999999705,0.52,24,22,4,35,165.0,0.6571428571428571,23,12,0,True,4,0.9515553691343088,26.339534890993683
CORE A - Asia Compression Breakout,15.0,20.0,0.75,1440,220,51.28500000000054,0.2331136363636388,0.5227272727272727,1.0518332401813992,178.5079999999998,5,48,25,147,176,444.63499999999976,2.526335227272726,0.6193181818181818,1.4613099715413032,67.39699999999993,4,87,39,50,396,495.9200000000003,0.5656565656565656,1.2538914111472215,34,27.61599999999953,0.5588235294117647,3,0,31,58,-119.06499999999983,0.41379310344827586,4,5,49,45,-25.83099999999945,0.4888888888888889,14,9,22,40,66.57100000000014,0.6,11,5,24,43,101.99400000000014,0.6046511627906976,16,6,21,46,83.16000000000054,0.5652173913043478,15,4,27,45,64.25099999999952,0.5777777777777777,17,9,19,50,52.223999999999705,0.6,28,18,4,35,245.0,0.7714285714285715,27,8,0,True,3,1.0862998437559463,32.910850669814664
CORE A - Asia Compression Breakout,15.0,25.0,0.6,1440,220,28.92700000000059,0.13148636363636632,0.5272727272727272,1.0285879186963434,202.92299999999977,5,48,16,156,176,486.7830000000006,2.765812500000003,0.6420454545454546,1.498387963735584,75.0,4,90,30,56,396,515.7100000000012,0.5782828282828283,1.2593363291118875,34,27.61599999999953,0.5588235294117647,3,0,31,58,-144.06499999999983,0.41379310344827586,4,5,49,45,-21.961999999999307,0.5111111111111111,14,6,25,40,64.26999999999998,0.6,11,2,27,43,103.06800000000021,0.6046511627906976,16,3,24,46,70.65000000000055,0.5652173913043478,15,3,28,45,100.32399999999984,0.6,18,6,21,50,70.8090000000002,0.64,29,14,7,35,245.0,0.8,28,7,0,True,3,1.1531796416951303,36.01740740645975
CORE A - Asia Compression Breakout,15.0,30.0,0.5,1440,220,62.626000000000886,0.2846636363636404,0.5272727272727272,1.0640241595972864,188.7779999999998,5,48,6,166,176,519.7559999999996,2.953159090909089,0.6590909090909091,1.5256740383234446,67.39699999999993,4,93,21,62,396,582.3820000000005,0.5858585858585859,1.296090709053416,34,27.61599999999953,0.5588235294117647,3,0,31,58,-145.66799999999967,0.41379310344827586,4,2,52,45,7.206000000000813,0.5111111111111111,14,1,30,40,85.404,0.6,11,0,29,43,88.06800000000021,0.6046511627906976,16,3,24,46,55.650000000000546,0.5652173913043478,15,3,28,45,99.98699999999985,0.6,18,3,24,50,109.11899999999923,0.68,31,9,10,35,255.0,0.8285714285714286,29,6,0,True,4,1.2046418134711305,38.58296370883853
CORE A - Asia Compression Breakout,15.0,35.0,0.42857142857142855,1440,220,95.44900000000075,0.4338590909090943,0.5318181818181819,1.099390944239483,190.95499999999993,5,49,4,167,176,501.03599999999983,2.8467954545454535,0.6647727272727273,1.4900289692917679,77.39699999999993,4,94,18,64,396,596.4850000000006,0.5909090909090909,1.3008294831402647,34,27.61599999999953,0.5588235294117647,3,0,31,58,-142.8449999999998,0.41379310344827586,4,1,53,45,2.206000000000813,0.5111111111111111,14,1,30,40,85.404,0.6,11,0,29,43,123.06800000000021,0.627906976744186,17,2,24,46,40.650000000000546,0.5652173913043478,15,3,28,45,121.26700000000005,0.6,18,1,26,50,64.11899999999923,0.68,31,9,10,35,275.0,0.8571428571428571,30,5,0,True,4,1.189712372252412,37.06654385585985
CORE A - Asia Compression Breakout,25.0,15.0,1.6666666666666667,1440,220,33.77300000000105,0.15351363636364113,0.4863636363636364,1.033255249027886,179.6499999999994,6,17,45,158,176,501.55800000000045,2.8497613636363663,0.5170454545454546,1.4711867177349582,122.10100000000057,8,49,63,64,396,535.3310000000015,0.5,1.257367455983724,34,7.388999999999669,0.5588235294117647,0,1,33,58,-133.57099999999946,0.41379310344827586,0,9,49,45,-3.9339999999995143,0.4444444444444444,7,16,22,40,131.3150000000005,0.6,4,7,29,43,32.57399999999984,0.46511627906976744,6,12,25,46,119.9950000000008,0.5652173913043478,5,10,31,45,110.57000000000016,0.5333333333333333,10,12,23,50,75.99299999999948,0.46,16,24,10,35,195.0,0.5142857142857142,18,17,0,True,3,1.0334890038320723,36.656024748593765
CORE A - Asia Compression Breakout,25.0,35.0,0.7142857142857143,1440,220,9.648000000001275,0.04385454545455125,0.5045454545454545,1.0090765239020787,241.24499999999944,6,17,5,198,176,637.577,3.6225965909090907,0.6022727272727273,1.5124854511899477,134.55599999999959,5,60,23,93,396,647.2250000000013,0.547979797979798,1.2805422509265083,34,11.748999999999569,0.5588235294117647,0,0,34,58,-176.4869999999994,0.41379310344827586,0,1,57,45,-15.849999999999227,0.4666666666666667,7,2,36,40,126.73600000000033,0.6,4,0,36,43,63.5,0.5348837209302325,6,2,35,46,87.87600000000089,0.5652173913043478,5,3,38,45,120.34900000000061,0.5333333333333333,10,1,34,50,68.9719999999993,0.6,19,11,20,35,360.3799999999992,0.7428571428571429,26,8,1,True,3,1.2629500706190175,46.79048745314269
CORE A - Asia Compression Breakout,30.0,15.0,2.0,1440,220,2.570000000000846,0.011681818181822026,0.4818181818181818,1.0025247241223154,178.08899999999971,6,12,45,163,176,548.0050000000003,3.1136647727272746,0.5056818181818182,1.500709484246526,183.47800000000052,8,39,65,72,396,550.5750000000012,0.49242424242424243,1.26064079076307,34,7.388999999999669,0.5588235294117647,0,1,33,58,-133.57099999999946,0.41379310344827586,0,9,49,45,7.222000000000435,0.4444444444444444,6,16,23,40,91.32000000000039,0.6,1,7,32,43,30.20999999999981,0.4418604651162791,5,12,26,46,127.55600000000072,0.5652173913043478,2,10,34,45,155.87300000000005,0.5333333333333333,9,12,24,50,69.57599999999957,0.46,12,24,14,35,195.0,0.45714285714285713,16,19,0,True,4,1.0701618570443445,39.54775751897134
CORE B - Thu/Fri Asia Close Breakout,12.0,20.0,0.6,480,482,164.1720000000014,0.3406058091286336,0.5228215767634855,1.094022860271488,148.5630000000001,6,116,24,342,324,372.4850000000008,1.1496450617283975,0.5987654320987654,1.22358123738741,168.78999999999996,7,159,61,104,806,536.6570000000022,0.5533498759305211,1.157281482263019,97,7.079000000000178,0.4845360824742268,7,0,90,97,-90.94000000000028,0.422680412371134,13,2,82,91,29.605000000000473,0.5384615384615384,27,9,55,97,80.29400000000055,0.5567010309278351,33,6,58,100,138.13400000000047,0.61,36,7,57,98,29.964000000000397,0.4897959183673469,32,7,59,99,201.46500000000083,0.6565656565656566,48,16,35,81,101.05599999999959,0.6296296296296297,49,22,10,46,40.0,0.6521739130434783,30,16,0,True,4,0.9733929920374941,19.03924829671927
CORE B - Thu/Fri Asia Close Breakout,12.0,25.0,0.48,480,482,150.81300000000124,0.3128900414937785,0.5228215767634855,1.0857162343807287,150.87400000000025,6,116,15,351,324,359.44800000000055,1.1094074074074092,0.6141975308641975,1.2066944177533354,207.3699999999999,7,164,46,114,806,510.2610000000018,0.5595533498759305,1.1458523654299764,97,7.079000000000178,0.4845360824742268,7,0,90,97,-92.07000000000039,0.422680412371134,13,1,83,91,37.77600000000052,0.5384615384615384,27,5,59,97,91.13200000000052,0.5567010309278351,33,3,61,100,106.89600000000041,0.61,36,6,58,98,14.633000000000266,0.4897959183673469,32,4,62,99,205.91600000000085,0.6666666666666666,49,11,39,81,67.89899999999943,0.6419753086419753,50,18,13,46,71.0,0.717391304347826,33,13,0,True,4,0.9746763096676573,17.926637495996367
CORE B - Thu/Fri Asia Close Breakout,12.0,30.0,0.4,480,482,145.60500000000116,0.3020850622406663,0.5228215767634855,1.08251197260878,151.62800000000016,6,116,8,358,324,434.83600000000024,1.342086419753087,0.6265432098765432,1.254045966360976,169.23999999999978,7,168,31,125,806,580.4410000000014,0.5645161290322581,1.1669711094797455,97,7.079000000000178,0.4845360824742268,7,0,90,97,-87.03000000000043,0.422680412371134,13,0,84,91,26.982000000000653,0.5384615384615384,27,3,61,97,76.13200000000052,0.5567010309278351,33,3,61,100,122.44200000000023,0.61,36,2,62,98,9.605999999999995,0.4897959183673469,32,2,64,99,227.47500000000105,0.6666666666666666,49,5,45,81,107.7549999999992,0.6666666666666666,52,13,16,46,90.0,0.7608695652173914,35,11,0,True,4,1.0654892176628772,22.503262450509716
CORE B - Thu/Fri Asia Close Breakout,12.0,35.0,0.34285714285714286,480,482,138.01100000000088,0.286329875518674,0.5228215767634855,1.0778734566908568,161.62800000000016,6,116,4,362,324,424.9150000000004,1.3114660493827173,0.6296296296296297,1.2451106506595662,185.60699999999952,7,169,22,133,806,562.9260000000013,0.56575682382134,1.1605694089042455,97,7.079000000000178,0.4845360824742268,7,0,90,97,-87.03000000000043,0.422680412371134,13,0,84,91,11.982000000000653,0.5384615384615384,27,3,61,97,82.41400000000044,0.5567010309278351,33,1,63,100,123.56600000000003,0.61,36,0,64,98,10.266000000000076,0.4897959183673469,32,1,65,99,234.41800000000103,0.6666666666666666,49,1,49,81,98.23099999999931,0.6666666666666666,52,10,19,46,82.0,0.782608695652174,36,10,0,True,4,1.058082581789567,21.78708548648785
CORE B - Thu/Fri Asia Close Breakout,15.0,10.0,1.5,480,482,56.20100000000343,0.11659958506224778,0.46887966804979253,1.0308131680636536,161.77799999999888,6,78,149,255,324,162.88299999999958,0.5027253086419741,0.4506172839506173,1.099806187894188,122.37900000000013,7,106,153,65,806,219.08400000000302,0.46153846153846156,1.0633938102173062,97,12.414999999999736,0.4845360824742268,4,7,86,97,-73.71999999999935,0.41237113402061853,7,26,64,91,-23.91799999999921,0.45054945054945056,18,42,31,97,46.93600000000038,0.4742268041237113,26,40,31,100,94.48800000000188,0.52,23,34,43,98,4.405999999999494,0.4387755102040816,23,38,37,99,10.311000000000377,0.46464646464646464,28,48,23,81,58.16599999999971,0.43209876543209874,33,43,5,46,90.0,0.4782608695652174,22,24,0,True,3,0.6071110016671833,7.840236483739661
CORE B - Thu/Fri Asia Close Breakout,15.0,12.0,1.25,480,482,79.0380000000041,0.1639792531120417,0.487551867219917,1.0424209765873673,142.41599999999926,6,81,108,293,324,221.68599999999992,0.6842160493827159,0.49382716049382713,1.1300028148530412,106.1740000000002,7,113,127,84,806,300.724000000004,0.49007444168734493,1.084273664942096,97,7.648000000000138,0.4845360824742268,4,4,89,97,-97.39399999999932,0.41237113402061853,7,20,70,91,3.5640000000007603,0.4835164835164835,20,31,40,97,50.39600000000064,0.4948453608247423,27,28,42,100,114.82400000000189,0.56,23,25,52,98,19.555999999999585,0.46938775510204084,23,27,48,99,21.168000000000802,0.5151515151515151,29,40,30,81,111.96199999999953,0.49382716049382713,38,37,6,46,69.0,0.5,23,23,0,True,4,0.71129077039315,11.27364931111684
CORE B - Thu/Fri Asia Close Breakout,15.0,15.0,1.0,480,482,96.92200000000321,0.20108298755187387,0.5,1.0513418964961962,150.39099999999962,6,82,64,336,324,330.64200000000005,1.0205000000000002,0.5308641975308642,1.1888730975137725,93.82300000000032,7,122,96,106,806,427.56400000000326,0.5124069478908189,1.1175149379668983,97,7.8250000000000455,0.4845360824742268,4,1,92,97,-81.769,0.422680412371134,7,8,82,91,-22.60199999999918,0.4945054945054945,20,22,49,97,80.74600000000055,0.5257731958762887,27,16,54,100,112.7220000000018,0.57,24,17,59,98,74.76599999999962,0.4897959183673469,25,16,57,99,87.64800000000082,0.5656565656565656,32,28,39,81,48.22799999999961,0.5061728395061729,38,33,10,46,120.0,0.5869565217391305,27,19,0,True,3,0.8613466680571344,17.459100964627066
CORE B - Thu/Fri Asia Close Breakout,15.0,20.0,0.75,480,482,283.63500000000226,0.5884543568464777,0.5186721991701245,1.1612832605676984,125.51500000000078,6,84,24,374,324,443.9399999999998,1.3701851851851847,0.5679012345679012,1.2489999394242612,163.78999999999996,7,131,66,127,806,727.5750000000021,0.5384615384615384,1.2054422610042173,97,10.78300000000013,0.4845360824742268,4,0,93,97,-78.59100000000035,0.422680412371134,7,2,88,91,74.92600000000061,0.5384615384615384,22,9,60,97,132.21800000000053,0.5463917525773195,27,6,64,100,144.29900000000134,0.6,24,7,69,98,82.48099999999977,0.4897959183673469,25,7,66,99,154.37100000000078,0.6161616161616161,34,18,47,81,112.08799999999928,0.5679012345679012,43,24,14,46,95.0,0.6304347826086957,29,17,0,True,4,1.0156286891794248,23.06278332424697
CORE B - Thu/Fri Asia Close Breakout,15.0,25.0,0.6,480,482,270.2760000000021,0.5607385892116227,0.5186721991701245,1.1525282834445008,126.64500000000089,6,84,15,383,324,481.35599999999954,1.4856666666666651,0.5864197530864198,1.2622513179142627,209.3699999999999,7,137,49,138,806,751.6320000000017,0.5459057071960298,1.208355544319546,97,10.78300000000013,0.4845360824742268,4,0,93,97,-79.72100000000046,0.422680412371134,7,1,89,91,83.09700000000066,0.5384615384615384,22,5,64,97,143.0560000000005,0.5463917525773195,27,3,67,100,113.06100000000129,0.6,24,6,70,98,67.14999999999964,0.4897959183673469,25,4,69,99,172.27500000000077,0.6262626262626263,35,12,52,81,71.93099999999913,0.5802469135802469,44,20,17,46,170.0,0.717391304347826,33,13,0,True,4,1.0724075040348657,24.687637697687112
CORE B - Thu/Fri Asia Close Breakout,15.0,30.0,0.5,480,482,265.06800000000203,0.5499336099585105,0.5186721991701245,1.1491508180652406,122.17500000000041,6,84,8,390,324,564.1639999999993,1.7412469135802449,0.5987654320987654,1.311234048375102,172.23999999999978,7,141,33,150,806,829.2320000000013,0.5508684863523573,1.2309935598962523,97,10.78300000000013,0.4845360824742268,4,0,93,97,-74.6810000000005,0.422680412371134,7,0,90,91,72.3030000000008,0.5384615384615384,22,3,66,97,128.0560000000005,0.5463917525773195,27,3,67,100,128.6070000000011,0.6,24,2,74,98,62.122999999999365,0.4897959183673469,25,2,71,99,199.25400000000104,0.6262626262626263,35,5,59,81,107.7869999999989,0.6049382716049383,46,15,20,46,195.0,0.7608695652173914,35,11,0,True,4,1.1706069293347243,29.666729551700676
CORE B - Thu/Fri Asia Close Breakout,15.0,35.0,0.42857142857142855,480,482,257.47400000000175,0.5341784232365182,0.5186721991701245,1.1442613214550863,132.1750000000004,6,84,4,394,324,558.1129999999994,1.7225709876543192,0.6018518518518519,1.304361246188756,184.73699999999963,7,142,23,159,806,815.5870000000011,0.5521091811414393,1.225394045146959,97,10.78300000000013,0.4845360824742268,4,0,93,97,-74.6810000000005,0.422680412371134,7,0,90,91,57.30300000000079,0.5384615384615384,22,3,66,97,134.33800000000042,0.5463917525773195,27,1,69,100,129.7310000000009,0.6,24,0,76,98,62.78299999999945,0.4897959183673469,25,1,72,99,206.19700000000103,0.6262626262626263,35,1,63,81,99.1329999999989,0.6049382716049383,46,11,24,46,190.0,0.782608695652174,36,10,0,True,4,1.1672219282058345,29.20456196470606
CORE B - Thu/Fri Asia Close Breakout,20.0,10.0,2.0,480,482,97.25000000000341,0.2017634854771855,0.46265560165975106,1.0524561903159149,130.81099999999878,7,45,152,285,324,234.8280000000002,0.7247777777777784,0.4228395061728395,1.1366086808304678,121.47500000000014,8,78,161,85,806,332.0780000000036,0.4466501240694789,1.0929432611111791,97,21.540999999999713,0.4845360824742268,2,7,88,97,-56.900999999999385,0.41237113402061853,4,26,67,91,-6.163999999999078,0.45054945054945056,12,42,37,97,69.95000000000005,0.4639175257731959,17,41,39,100,68.82400000000212,0.5,10,36,54,98,35.81399999999985,0.4387755102040816,15,38,45,99,73.56500000000074,0.45454545454545453,23,49,27,81,15.448999999999614,0.37037037037037035,21,47,13,46,110.0,0.41304347826086957,19,27,0,True,3,0.6519114251643534,11.85174130212458
CORE B - Thu/Fri Asia Close Breakout,20.0,12.0,1.6666666666666667,480,482,109.39300000000412,0.22695643153527825,0.48132780082987553,1.057600061500164,126.93000000000006,6,46,111,325,324,344.63100000000054,1.0636759259259276,0.4691358024691358,1.1918635141379448,115.66800000000035,7,86,134,104,806,454.02400000000466,0.47642679900744417,1.122861537495685,97,16.774000000000115,0.4845360824742268,2,4,91,97,-80.57499999999936,0.41237113402061853,4,20,73,91,11.624000000000933,0.4835164835164835,12,31,48,97,76.41000000000031,0.4845360824742268,18,29,50,100,85.16000000000213,0.54,10,27,63,98,50.96399999999994,0.46938775510204084,15,27,56,99,87.42200000000116,0.5050505050505051,24,41,34,81,118.24499999999944,0.4444444444444444,27,40,14,46,88.0,0.43478260869565216,20,26,0,True,4,0.8138082473111544,18.018266193787383
CORE B - Thu/Fri Asia Close Breakout,20.0,15.0,1.3333333333333333,480,482,140.17400000000316,0.29081742738589866,0.49377593360995853,1.0731643282274106,138.1959999999999,6,47,65,370,324,465.8450000000007,1.4377932098765454,0.5092592592592593,1.2532848271054922,94.29800000000023,7,91,101,132,806,606.0190000000039,0.5,1.161385883119274,97,16.951000000000022,0.4845360824742268,2,1,94,97,-64.95000000000005,0.422680412371134,4,8,85,91,-14.541999999999007,0.4945054945054945,12,22,57,97,113.78700000000026,0.5154639175257731,18,16,63,100,88.92800000000193,0.55,11,18,71,98,95.20000000000005,0.4897959183673469,15,16,67,99,143.81400000000144,0.5555555555555556,25,29,45,81,76.83099999999922,0.4691358024691358,27,34,20,46,150.0,0.5217391304347826,24,22,0,True,3,0.9791656965558382,24.975290501843638
CORE B - Thu/Fri Asia Close Breakout,20.0,20.0,1.0,480,482,331.8870000000022,0.688562240663905,0.5124481327800829,1.1852340520294233,103.51200000000085,6,49,25,408,324,565.1759999999999,1.7443703703703701,0.5432098765432098,1.2972854977218715,133.0699999999997,7,98,71,155,806,897.0630000000021,0.5248138957816377,1.2429196073806634,97,19.909000000000106,0.4845360824742268,2,0,95,97,-61.77200000000039,0.422680412371134,4,2,91,91,92.98600000000079,0.5384615384615384,14,9,68,97,165.25900000000024,0.5360824742268041,18,6,73,100,115.50500000000147,0.58,11,8,81,98,102.91500000000019,0.4897959183673469,15,7,76,99,215.5370000000014,0.6060606060606061,27,19,53,81,126.72399999999834,0.5185185185185185,30,25,26,46,120.0,0.5652173913043478,26,20,0,True,4,1.1152077967605092,30.112559491324948
CORE B - Thu/Fri Asia Close Breakout,20.0,25.0,0.8,480,482,313.52800000000207,0.6504730290456474,0.5124481327800829,1.1732126164868226,118.80899999999951,6,49,16,417,324,674.6719999999996,2.08232098765432,0.5648148148148148,1.3492767233408536,188.64999999999964,7,105,52,167,806,988.2000000000016,0.533498759305211,1.2641044102389771,97,19.909000000000106,0.4845360824742268,2,0,95,97,-62.9020000000005,0.422680412371134,4,1,92,91,101.15700000000083,0.5384615384615384,14,5,72,97,176.0970000000002,0.5360824742268041,18,3,76,100,79.26700000000142,0.58,11,7,82,98,87.58400000000006,0.4897959183673469,15,4,79,99,255.52100000000132,0.6161616161616161,28,12,59,81,86.56699999999819,0.5308641975308642,31,21,29,46,245.0,0.6739130434782609,31,15,0,True,4,1.2494523098861063,35.64766928627889
CORE B - Thu/Fri Asia Close Breakout,20.0,30.0,0.6666666666666666,480,482,303.320000000002,0.6292946058091328,0.5124481327800829,1.166633338533988,122.97799999999961,6,49,9,424,324,762.4799999999993,2.3533333333333313,0.5771604938271605,1.3963368676246917,167.8699999999999,7,109,36,179,806,1065.8000000000013,0.5384615384615384,1.2846610482299896,97,19.909000000000106,0.4845360824742268,2,0,95,97,-57.862000000000535,0.422680412371134,4,0,93,91,90.36300000000097,0.5384615384615384,14,3,74,97,161.0970000000002,0.5360824742268041,18,3,76,100,89.81300000000124,0.58,11,3,86,98,82.55699999999979,0.4897959183673469,15,2,81,99,282.5000000000016,0.6161616161616161,28,5,66,81,127.42299999999796,0.5555555555555556,33,16,32,46,270.0,0.717391304347826,33,13,0,True,4,1.3523486765804835,40.74075053014367
CORE B - Thu/Fri Asia Close Breakout,20.0,35.0,0.5714285714285714,480,482,296.9570000000017,0.6160933609958541,0.5124481327800829,1.1625694510214626,120.62299999999982,6,49,4,429,324,746.4289999999994,2.3037932098765412,0.5802469135802469,1.3808565776590167,177.0,7,110,26,188,806,1043.386000000001,0.5397022332506204,1.2755530413710126,97,19.909000000000106,0.4845360824742268,2,0,95,97,-57.862000000000535,0.422680412371134,4,0,93,91,75.36300000000097,0.5384615384615384,14,3,74,97,167.37900000000013,0.5360824742268041,18,1,78,100,92.16800000000103,0.58,11,0,89,98,83.21699999999987,0.4897959183673469,15,1,82,99,289.4430000000016,0.6161616161616161,28,1,70,81,113.76899999999796,0.5555555555555556,33,12,36,46,260.0,0.7391304347826086,34,12,0,True,4,1.3384922347848756,39.75540626442659
CORE B - Thu/Fri Asia Close Breakout,25.0,12.0,2.0833333333333335,480,482,75.72900000000391,0.15711410788382554,0.47717842323651455,1.0395566958936358,138.92399999999884,7,21,112,349,324,421.6670000000015,1.301441358024696,0.4537037037037037,1.2298936365673445,105.86599999999976,7,63,137,124,806,497.3960000000054,0.46774193548387094,1.1326875854479994,97,17.167000000000144,0.4845360824742268,0,4,93,97,-75.13499999999931,0.41237113402061853,3,20,74,91,36.688000000000784,0.4835164835164835,7,31,53,97,41.3720000000003,0.4742268041237113,8,29,60,100,55.63700000000199,0.53,3,28,69,98,101.3090000000002,0.46938775510204084,10,27,61,99,102.77000000000203,0.5050505050505051,16,41,42,81,66.58799999999928,0.3950617283950617,18,42,21,46,151.0,0.41304347826086957,19,27,0,True,4,0.8779249190084822,22.401768489929633
CORE B - Thu/Fri Asia Close Breakout,25.0,15.0,1.6666666666666667,480,482,108.51000000000295,0.22512448132780694,0.4896265560165975,1.0561024828101822,145.1709999999989,7,22,66,394,324,558.8810000000017,1.7249413580246966,0.49382716049382713,1.296305152194902,96.03599999999983,7,68,104,152,806,667.3910000000046,0.4913151364764268,1.1746956919157798,97,17.34400000000005,0.4845360824742268,0,1,96,97,-59.50999999999999,0.422680412371134,3,8,86,91,10.522000000000844,0.4945054945054945,7,22,62,97,78.74900000000025,0.5051546391752577,8,16,73,100,61.40500000000179,0.54,4,19,77,98,145.5450000000003,0.4897959183673469,10,16,72,99,164.1620000000023,0.5555555555555556,17,29,53,81,19.17399999999907,0.41975308641975306,18,36,27,46,230.0,0.5,23,23,0,True,4,1.0594696026662256,30.133030217273777
CORE B - Thu/Fri Asia Close Breakout,25.0,20.0,1.25,480,482,305.223000000002,0.6332427385892158,0.508298755186722,1.168169073216907,101.1889999999994,6,24,26,432,324,692.7920000000008,2.1382469135802493,0.5308641975308642,1.3565441375139922,153.42000000000007,7,73,73,178,806,998.0150000000028,0.5173697270471465,1.26556710763981,97,20.302000000000135,0.4845360824742268,0,0,97,97,-56.332000000000335,0.422680412371134,3,2,92,91,128.05000000000064,0.5384615384615384,9,9,73,97,130.22100000000023,0.5257731958762887,8,6,83,100,82.98200000000134,0.57,4,9,87,98,153.26000000000045,0.4897959183673469,10,7,81,99,239.2250000000024,0.6060606060606061,18,19,62,81,53.75699999999779,0.4691358024691358,20,27,34,46,246.55000000000018,0.5652173913043478,25,20,1,True,4,1.2340514287611752,37.00772606507159
CORE B - Thu/Fri Asia Close Breakout,25.0,25.0,1.0,480,482,281.86400000000185,0.5847800829875557,0.508298755186722,1.1533256162094427,127.42699999999945,6,24,17,441,324,779.8180000000002,2.4068456790123465,0.5493827160493827,1.3922923723079568,214.0,7,78,54,192,806,1061.682000000002,0.5248138957816377,1.27747795780915,97,20.302000000000135,0.4845360824742268,0,0,97,97,-57.462000000000444,0.422680412371134,3,1,93,91,136.22100000000069,0.5384615384615384,9,5,77,97,141.0590000000002,0.5257731958762887,8,3,86,100,41.74400000000128,0.57,4,8,88,98,137.92900000000031,0.4897959183673469,10,4,84,99,266.0090000000025,0.6161616161616161,18,12,69,81,8.599999999997635,0.48148148148148145,21,23,37,46,367.27999999999975,0.6521739130434783,29,15,2,True,4,1.3416768422441814,41.242066078068426
CORE B - Thu/Fri Asia Close Breakout,25.0,30.0,0.8333333333333334,480,482,266.65600000000177,0.5532282157676385,0.508298755186722,1.1438627839425457,131.59599999999955,6,24,10,448,324,877.626,2.7087222222222223,0.5617283950617284,1.441009004337096,157.8699999999999,7,82,38,204,806,1144.2820000000017,0.5297766749379652,1.2977121619529688,97,20.302000000000135,0.4845360824742268,0,0,97,97,-52.42200000000048,0.422680412371134,3,0,94,91,125.42700000000082,0.5384615384615384,9,3,79,97,126.0590000000002,0.5257731958762887,8,3,86,100,47.2900000000011,0.57,4,4,92,98,132.90200000000004,0.4897959183673469,10,2,86,99,292.9880000000028,0.6161616161616161,18,5,76,81,49.4559999999974,0.5061728395061729,23,18,40,46,402.27999999999975,0.6956521739130435,31,13,2,True,4,1.4545818803153587,47.244451350650564
CORE B - Thu/Fri Asia Close Breakout,25.0,35.0,0.7142857142857143,480,482,255.29300000000148,0.5296535269709575,0.508298755186722,1.1368931533851294,130.35099999999966,6,24,5,453,324,856.575,2.6437500000000003,0.5648148148148148,1.4206956267202067,184.36699999999973,7,83,28,213,806,1111.8680000000015,0.5310173697270472,1.2850213496594083,97,20.302000000000135,0.4845360824742268,0,0,97,97,-52.42200000000048,0.422680412371134,3,0,94,91,110.42700000000082,0.5384615384615384,9,3,79,97,132.34100000000012,0.5257731958762887,8,1,88,100,44.64500000000089,0.57,4,1,95,98,133.56200000000013,0.4897959183673469,10,1,87,99,299.93100000000277,0.6161616161616161,18,1,80,81,25.801999999997406,0.5061728395061729,23,14,44,46,397.27999999999975,0.717391304347826,32,12,2,True,4,1.4354815451855434,45.80693434400804
CORE B - Thu/Fri Asia Close Breakout,30.0,12.0,2.5,480,482,69.48000000000434,0.14414937759337,0.475103734439834,1.0362547412153502,132.66199999999867,7,12,112,358,324,301.8080000000002,0.9315061728395069,0.4351851851851852,1.1583310731446037,143.14000000000033,7,39,143,142,806,371.28800000000456,0.45905707196029777,1.0971291432948391,97,17.167000000000144,0.4845360824742268,0,4,93,97,-70.40199999999936,0.41237113402061853,2,20,75,91,6.060000000001082,0.4725274725274725,3,31,57,97,62.03500000000031,0.4742268041237113,6,29,62,100,54.620000000002165,0.53,1,28,71,98,124.0920000000001,0.46938775510204084,7,27,64,99,77.08800000000178,0.5050505050505051,7,41,51,81,32.707999999998265,0.37037037037037035,11,44,26,46,67.92000000000007,0.32608695652173914,14,31,1,True,4,0.7347516043135593,15.359460772082812
CORE B - Thu/Fri Asia Close Breakout,30.0,20.0,1.5,480,482,303.65400000000227,0.6299875518672247,0.5062240663900415,1.1671207182931636,101.1889999999994,6,14,26,442,324,600.7859999999991,1.8542777777777752,0.5154320987654321,1.2940596894387133,255.7800000000002,7,48,78,198,806,904.4400000000014,0.5099255583126551,1.2343079064540374,97,20.302000000000135,0.4845360824742268,0,0,97,97,-51.59900000000039,0.422680412371134,2,2,93,91,107.42200000000093,0.5274725274725275,5,9,77,97,150.88400000000024,0.5257731958762887,6,6,85,100,76.64500000000135,0.57,1,9,90,98,176.04300000000035,0.4897959183673469,7,7,84,99,210.6660000000022,0.6060606060606061,8,19,72,81,13.87699999999677,0.4444444444444444,13,29,39,46,200.19999999999982,0.5,20,23,3,True,4,1.1228408445946696,30.86330895341576
CORE B - Thu/Fri Asia Close Breakout,30.0,25.0,1.2,480,482,280.2950000000021,0.5815248962655646,0.5062240663900415,1.152306674933288,127.42699999999945,6,14,17,451,324,706.0619999999981,2.1792037037036978,0.5370370370370371,1.3381767551197417,302.5500000000002,7,52,58,214,806,986.3570000000002,0.5186104218362283,1.251097581527536,97,20.302000000000135,0.4845360824742268,0,0,97,97,-52.7290000000005,0.422680412371134,2,1,94,91,115.59300000000098,0.5274725274725275,5,5,81,97,161.7220000000002,0.5257731958762887,6,3,88,100,35.40700000000129,0.57,1,8,91,98,160.71200000000022,0.4897959183673469,7,4,87,99,237.45000000000232,0.6161616161616161,8,12,79,81,7.529999999996562,0.4691358024691358,14,24,43,46,300.369999999999,0.5869565217391305,23,18,5,True,4,1.2524036815935924,36.25089317993452
CORE B - Thu/Fri Asia Close Breakout,30.0,30.0,1.0,480,482,265.08700000000204,0.5499730290456474,0.5062240663900415,1.1428623781420095,131.59599999999955,6,14,10,458,324,759.7999999999968,2.3450617283950517,0.5462962962962963,1.3605645459416063,265.12000000000035,7,54,41,229,806,1024.8869999999988,0.5223325062034739,1.2586275030332146,97,20.302000000000135,0.4845360824742268,0,0,97,97,-47.68900000000053,0.422680412371134,2,0,95,91,104.79900000000112,0.5274725274725275,5,3,83,97,146.7220000000002,0.5257731958762887,6,3,88,100,40.95300000000111,0.57,1,4,95,98,155.68499999999995,0.4897959183673469,7,2,89,99,264.4290000000026,0.6161616161616161,8,5,86,81,3.6859999999960564,0.48148148148148145,15,19,47,46,335.9999999999982,0.6304347826086957,24,15,7,True,4,1.3167282739702741,39.61399579300217
Satellite C - 14:00 Previous Close Continuation,25.0,20.0,1.25,1440,1304,25.49499999999739,0.019551380368096158,0.46855828220858897,1.0041279093300948,487.8870000000031,8,106,149,1049,949,740.1110000000003,0.7798851422550056,0.48998946259220233,1.1021447455514355,582.9099999999994,8,247,304,398,2253,765.6059999999977,0.47758544163337774,1.0570413050018483,260,-123.22100000000114,0.4076923076923077,1,2,257,261,-193.06800000000135,0.4521072796934866,9,17,235,262,106.78200000000106,0.4847328244274809,41,53,168,261,102.39699999999903,0.4942528735632184,26,37,198,260,132.6049999999998,0.5038461538461538,29,40,191,260,36.66399999999885,0.49230769230769234,23,39,198,262,326.49600000000237,0.5152671755725191,58,63,141,261,77.95099999999911,0.4674329501915709,86,117,58,166,299.0,0.4819277108433735,80,85,1,True,3,1.2218811066046529,18.21124143127301
Satellite C - 14:00 Previous Close Continuation,30.0,15.0,2.0,1440,1304,53.52099999999837,0.04104371165644047,0.455521472392638,1.0088156265591153,359.707000000001,10,67,269,968,949,872.4010000000003,0.9192845100105377,0.43308746048472074,1.1293591952574284,314.1640000000009,9,180,410,359,2253,925.9219999999987,0.44607190412782954,1.072252020671437,260,-128.99000000000092,0.4076923076923077,0,8,252,261,-168.92700000000082,0.4521072796934866,4,36,221,262,225.1140000000014,0.46564885496183206,28,80,154,261,106.76999999999953,0.4789272030651341,16,69,176,260,19.553999999999178,0.47307692307692306,19,76,165,260,145.1309999999985,0.47307692307692306,17,66,177,262,228.0430000000033,0.46946564885496184,36,97,129,261,320.2269999999985,0.4061302681992337,68,141,52,166,179.0,0.35542168674698793,59,106,1,True,3,1.2972204915269938,25.19709871995362
Satellite C - 14:00 Previous Close Continuation,30.0,20.0,1.5,1440,1304,147.54599999999755,0.11314877300613309,0.46855828220858897,1.0238892531876136,482.59000000000265,8,68,149,1087,949,1268.1490000000001,1.336300316122234,0.48261327713382507,1.17240463289809,465.0729999999994,8,206,309,434,2253,1415.6949999999977,0.4744784731469152,1.1046190466161268,260,-128.23100000000113,0.4076923076923077,0,2,258,261,-197.07700000000114,0.4521072796934866,4,17,240,262,173.77900000000182,0.4847328244274809,29,53,180,261,125.20699999999874,0.4942528735632184,16,37,208,260,173.86799999999926,0.5038461538461538,19,40,201,260,110.82199999999852,0.49230769230769234,17,39,204,262,317.52000000000226,0.5114503816793893,36,64,162,261,379.8569999999995,0.46360153256704983,78,117,66,166,459.9499999999998,0.45180722891566266,75,89,2,True,3,1.7474868276524516,36.54098923802957
Satellite C - 14:00 Previous Close Continuation,30.0,25.0,1.2,1440,1304,259.20199999999886,0.19877453987729973,0.4723926380368098,1.0426256612723364,447.6460000000018,8,68,84,1152,949,1081.5980000000022,1.139723919915703,0.4994731296101159,1.1367938428491824,642.492999999999,8,217,246,486,2253,1340.800000000001,0.48379937860630273,1.0958558844524802,260,-121.82400000000098,0.4076923076923077,0,0,260,261,-175.42600000000084,0.4521072796934866,4,9,248,262,183.35200000000282,0.4961832061068702,29,36,197,261,182.61299999999824,0.49808429118773945,16,16,229,260,190.48699999999963,0.5076923076923077,19,23,218,260,71.07299999999827,0.49230769230769234,17,23,220,262,305.45900000000324,0.5267175572519084,36,45,181,261,174.4360000000006,0.47509578544061304,81,100,80,166,530.6300000000001,0.5060240963855421,83,78,5,True,3,1.5753280801359737,28.705745902237595
Satellite C - 14:00 Previous Close Continuation,30.0,30.0,1.0,1440,1304,264.24699999999984,0.20264340490797533,0.4746932515337423,1.0430559812321043,434.2360000000008,8,70,53,1181,949,1111.1930000000013,1.1709093782929414,0.5163329820864068,1.133868158790418,636.0099999999993,8,230,199,520,2253,1375.4400000000012,0.49223257878384374,1.0952656614956386,260,-121.82400000000098,0.4076923076923077,0,0,260,261,-194.45300000000043,0.4521072796934866,4,6,251,262,217.72300000000337,0.5038167938931297,30,21,211,261,181.2489999999982,0.49808429118773945,16,8,237,260,181.55199999999968,0.5115384615384615,20,18,222,260,78.67199999999798,0.49230769230769234,17,12,231,262,285.276000000003,0.5305343511450382,36,29,197,261,277.7950000000005,0.5134099616858238,89,86,86,166,469.4499999999998,0.536144578313253,88,72,6,True,3,1.6215767770029699,29.73083140303903
Satellite C - 14:00 Previous Close Continuation,30.0,35.0,0.8571428571428571,1440,1304,246.9430000000002,0.18937346625766888,0.4754601226993865,1.0400055793934402,499.99300000000085,8,70,35,1199,949,1179.3870000000015,1.2427681770284527,0.5268703898840885,1.1394095725573123,701.9769999999985,8,237,155,557,2253,1426.3300000000017,0.4971149578339991,1.097476283240453,260,-121.82400000000098,0.4076923076923077,0,0,260,261,-200.2100000000005,0.4521072796934866,4,4,253,262,151.15200000000345,0.5038167938931297,30,18,214,261,189.71299999999837,0.49808429118773945,16,4,241,260,228.11199999999985,0.5153846153846153,20,9,231,260,70.83399999999756,0.49230769230769234,17,5,238,262,444.72800000000325,0.5381679389312977,37,16,209,261,191.08500000000095,0.5210727969348659,90,68,103,166,472.7399999999998,0.572289156626506,93,66,7,True,3,1.7006982066385503,31.285663530341807
