tp2,sl2,b_train_final,b_train_dd,b_train_wr,b_train_pos_years,b_oos_final,b_oos_dd,b_oos_wr,b_oos_trades,b_oos_reentries,b_oos_pos_years,b_oos_maxdayloss,b_oos_max_second_risk,ab_train_final,ab_train_dd,ab_train_wr,ab_train_pos_years,ab_oos_final,ab_oos_dd,ab_oos_wr,ab_oos_trades,ab_oos_reentries,ab_oos_pos_years,ab_oos_maxrisk,ab_oos_maxdayloss,b_full_final,b_full_dd,ab_full_final,ab_full_dd,b_ret_2023,ab_ret_2023,ab_ret_2024,ab_ret_2025,ab_ret_2026,b_train_score,ab_train_score,b_ret_2024,b_ret_2025,b_ret_2026
25.0,20.0,600.7780000000039,0.415353679647587,0.6482649842271293,3,928.4989999999993,0.6358664240496087,0.7043650793650794,504,195,4,0.09943833911456809,0.09979342760485778,198.51499999999896,0.3969738576783602,0.5381818181818182,1,1567.974999999997,0.7517677966914017,0.6889250814332247,614,195,4,0.19889340680787287,0.19547953573610372,1624.0420000000042,0.6782870563011746,198.51499999999896,0.3969738576783602,0.20265000000000244,0.3862066666666699,0.16788501954975787,0.342193094615977,1.4053307766059522,0.43371553975616217,-0.8488325184991409,0.19657146024751437,0.321233585890746,0.6278061497302783
30.0,20.0,585.3660000000045,0.4355551304105324,0.6466876971608833,3,906.3129999999971,0.6840076976555999,0.7003968253968254,504,195,4,0.09833489521925243,0.09999962500140654,193.2479999999989,0.4129733473471919,0.5381818181818182,1,1265.4789999999975,0.712299871551178,0.6856677524429967,614,195,2,0.19733450418472404,0.19518002917941418,1756.6269999999995,0.7124315823921006,193.2479999999989,0.4129733473471919,0.23045000000000226,0.40163666666666886,-0.07913367943665384,-0.014531940828902856,2.316340355723052,0.3804553919153316,-0.8973221554494252,0.2663388733119383,0.08106321531713401,0.793461074953054
12.0,20.0,718.154000000002,0.3899625491530182,0.6529968454258676,4,705.8630000000019,0.5446315300714185,0.7301587301587301,504,195,3,0.09651892434484745,0.0996943123148643,197.52999999999906,0.39996597792210375,0.5374449339207048,1,1632.547,0.6667907851408755,0.7100977198697068,614,195,4,0.1985600425712727,0.18390009811070235,1746.0560000000082,0.6009451527202023,197.52999999999906,0.39996597792210375,0.13954333333333424,0.36655666666666775,0.3197989106440311,1.1947959059204396,0.3747220110025118,0.7464521147165667,-0.8578460733111367,0.1261236226207625,1.1140396903735192,-0.13270046678617875
15.0,20.0,745.6880000000035,0.424208005521288,0.6498422712933754,4,689.0430000000006,0.613851166091416,0.7162698412698413,504,195,3,0.0981927622114973,0.09999283384690755,194.4589999999987,0.4092947101744272,0.5328185328185329,1,1464.305999999997,0.6931033797125492,0.6986970684039088,614,195,4,0.19983987829751415,0.1997443272611057,1724.1680000000051,0.6344017498068082,194.4589999999987,0.4092947101744272,0.17322666666666686,0.37324666666666717,0.25029249418652677,0.7536925729195716,0.6210520023115111,0.7378440000480282,-0.8861089894691431,0.1337053368488088,0.7794315185901683,-0.02957567358596591
20.0,20.0,616.6370000000038,0.41554155732381487,0.6482649842271293,3,613.3800000000006,0.6627912719657828,0.7083333333333334,504,195,3,0.09877811472090241,0.09986642865167808,193.51499999999896,0.4121622853115779,0.5381818181818182,1,1434.7219999999982,0.7165473419398002,0.6921824104234527,614,195,4,0.19810479743784418,0.1972688132801363,1623.9920000000056,0.689576601022783,193.51499999999896,0.4121622853115779,0.1984666666666688,0.3984866666666691,0.23827661329151217,0.4296477092051334,0.9317079607174712,0.45951694309557545,-0.894846530981627,0.34240696445458574,0.3951753758942771,-0.0891027354539784
15.0,15.0,460.59200000000465,0.4563757699994442,0.6451104100946372,3,601.3690000000017,0.5399210980541379,0.7043650793650794,504,195,4,0.09653231781334953,0.0999806704037218,196.93199999999933,0.396456558982265,0.5377777777777778,1,1083.6540000000002,0.7197780072911477,0.6889250814332247,614,195,4,0.19447515531272058,0.18054506555290414,823.3950000000079,0.6140057264246753,196.93199999999933,0.396456558982265,0.023493333333334032,0.37822333333333447,0.2669257764223081,0.5131836161211913,0.3671210894034471,0.11262285443072001,-0.856140337796771,0.2616398738959438,0.4362209074200245,0.08088157320051947
6.0,20.0,473.44000000000074,0.35477816777500326,0.668769716088328,3,541.0330000000004,0.46977784876643025,0.7678571428571429,504,195,3,0.09692536585287047,0.09924745616363911,198.4089999999992,0.3938656116822233,0.5384615384615384,1,887.3229999999992,0.5933885108572986,0.741042345276873,614,195,3,0.1994336085517128,0.16613066453650255,717.7090000000014,0.4790013488054494,198.4089999999992,0.3938656116822233,0.1499166666666678,0.4076333333333355,-0.0717563759501777,1.051907201240852,0.10319237420787442,0.2772921874994457,-0.8451704937020738,0.06874411189216523,1.0207572757601242,-0.27381337470957645
20.0,15.0,553.2740000000058,0.495383838868648,0.6435331230283912,4,467.14300000000253,0.6447134444455251,0.6984126984126984,504,195,4,0.09279106236487282,0.09997045317717157,196.30499999999915,0.39837814479624256,0.5374449339207048,1,1071.9720000000025,0.7533271982052885,0.6840390879478827,614,195,4,0.19967652403106884,0.19967652403106884,1547.3310000000147,0.6835896551533379,196.30499999999915,0.39837814479624256,0.04301666666666892,0.3791966666666713,0.22846391256746768,0.21579104759505818,0.734661117332174,0.3433027008885199,-0.8619233979555793,0.12381713299564523,0.23175163800163445,0.07849601632717085
12.0,15.0,655.6030000000044,0.45273290230910973,0.6482649842271293,4,457.5790000000038,0.5595308956005729,0.7162698412698413,504,195,3,0.09779951100244488,0.09990525651507094,193.93199999999933,0.40565074947976265,0.5377777777777778,1,1008.8940000000027,0.6950574107315028,0.6986970684039088,614,195,4,0.19968599377478727,0.1762114537444932,1225.9560000000156,0.6437819893166705,193.93199999999933,0.40565074947976265,0.017706666666668536,0.2027166666666691,0.33756357135929016,0.5165235913661625,0.37847010632687095,0.5705835300466643,-0.8839034042993773,0.24931872969291158,0.38053178548207733,-0.13103446966172128
10.0,20.0,564.1240000000014,0.3513387409374793,0.6561514195583596,3,443.80100000000107,0.5711911425044902,0.7321428571428571,504,195,3,0.09666482197964697,0.09974614605828147,195.85399999999913,0.40505713886475814,0.5374449339207048,1,727.9419999999986,0.6742478827323097,0.7117263843648208,614,195,3,0.19434772046319532,0.16462215100789943,819.820000000004,0.6362349236174037,195.85399999999913,0.40505713886475814,0.11227000000000098,0.3456233333333345,0.3693331714917738,0.4163666689581036,-0.07024785999473793,0.45718431056702913,-0.8732401284266319,0.18051372418567668,0.5378977698234375,-0.26741454702121603
6.0,15.0,431.88300000000186,0.3653341646609993,0.6656151419558359,4,413.8630000000014,0.4592954552713091,0.7579365079365079,504,195,3,0.09953640917427048,0.09976488741532467,197.14799999999923,0.392325000770583,0.5330188679245284,1,613.0130000000004,0.5573361443867187,0.7328990228013029,614,195,3,0.19977525284055436,0.19977525284055436,576.6920000000048,0.4896196618413689,197.14799999999923,0.392325000770583,0.046426666666668615,0.16248000000000284,-0.03990606290000853,0.7442231361270149,0.04965642888086386,0.27117112128026066,-0.8494665099842921,0.07562562116154004,0.8712496557279477,-0.34501149774555484
4.0,20.0,197.37299999999982,0.4024993112968519,0.6343115124153499,1,383.38000000000034,0.4829298074669755,0.7896825396825397,504,195,3,0.09943982233418404,0.09988612981201421,198.03999999999883,0.39099281947199555,0.5330188679245284,1,792.4969999999989,0.5769476077739308,0.758957654723127,614,195,3,0.19919921913906088,0.17556770549102657,197.37299999999982,0.4024993112968519,198.03999999999883,0.39099281947199555,0.19555333333333458,0.43420666666666885,-0.08751411930405284,0.9243036311027757,0.04897438375003471,-0.8620612053780519,-0.8431537504501786,0.004990715596125517,0.6628381827462984,-0.360372384797624
8.0,20.0,199.0129999999997,0.40500955211207984,0.5752895752895753,1,367.7460000000008,0.5169988552168199,0.7420634920634921,504,195,3,0.09658196428398946,0.09989361330183351,198.95499999999925,0.395888684773864,0.536036036036036,1,915.6159999999986,0.6386133510946193,0.7198697068403909,614,195,3,0.19822862897151092,0.18787810468568023,199.0129999999997,0.40500955211207984,198.95499999999925,0.395888684773864,0.08253666666666737,0.3431900000000012,0.3643937194291189,0.6944880973168013,-0.017174458145845506,-0.8571752207835438,-0.8451535306010866,0.16303989703197264,0.5772576844669182,-0.38271343827738613
4.0,15.0,199.79799999999955,0.3791680520037432,0.6114285714285714,0,295.872000000001,0.4315051146339044,0.7797619047619048,504,195,2,0.0995341800374246,0.09975493537542753,199.03499999999872,0.382415911629641,0.5380952380952381,1,569.0610000000008,0.6347486342485087,0.750814332247557,614,195,3,0.1984090897817661,0.1877665404719039,199.79799999999955,0.3791680520037432,199.03499999999872,0.382415911629641,0.1097233333333354,0.31107333333333664,0.01268426378387244,0.48893954723821054,-0.040468012565317846,-0.9183524887069141,-0.8265632666997135,-0.11714331199668304,0.40131601330983413,-0.2816408981431118
10.0,15.0,518.9360000000024,0.3637143219091974,0.6514195583596214,4,282.4360000000024,0.5949510554127777,0.7182539682539683,504,195,1,0.09901921467860794,0.09985487757791929,199.2559999999994,0.3893341260768699,0.536036036036036,1,717.4520000000014,0.6891516768889997,0.7003257328990228,614,195,4,0.19583140221811668,0.17565045559336917,507.9550000000072,0.6214422757156332,199.2559999999994,0.3893341260768699,-0.008593333333331787,0.2134066666666694,0.4005774376273983,0.2542184720334357,0.12197944489969514,0.45698375226296073,-0.8347931147195761,0.2944301363046493,-0.011834012135315986,-0.25759917568263613
8.0,15.0,546.4180000000022,0.40763591068308436,0.6561514195583596,3,273.3700000000017,0.48946930154152196,0.7301587301587301,504,195,3,0.09941098988493136,0.09978048293753716,193.39299999999935,0.40755138927181983,0.536036036036036,1,390.38500000000136,0.602694842596263,0.7100977198697068,614,195,3,0.19849737487221664,0.19399347696933628,423.33800000000633,0.5573474140291571,193.39299999999935,0.40755138927181983,0.015406666666667679,0.1746800000000015,0.13345194719696885,0.09251113453320103,-0.10541150589502357,0.34929329653458907,-0.8892524622247198,0.20480464313149005,0.34157107435764744,-0.44478745658752405
25.0,6.0,2180.5030000000597,0.7774171436973865,0.613564668769716,4,199.9690000000005,0.6596312894995287,0.6101694915254238,118,41,0,0.08890197723553714,0.09891550143290061,4657.1360000001005,0.7396364910636406,0.6083445491251682,4,196.24100000000067,0.7032151029229161,0.6060606060606061,165,47,0,0.19514470455805663,0.176106196796295,3021.850000000077,0.8966263016215444,19248.586000000127,0.8525129617561308,-0.33343666666666494,-0.3458633333333311,0.0,0.0,0.0,1.3340152444654607,2.1438642083136696,,,
20.0,8.0,1734.0440000000353,0.6750358350261906,0.6261829652996845,4,199.84599999999978,0.588608858724405,0.6082474226804123,97,34,0,0.08333333333333333,0.09953993884514964,3196.833000000054,0.6356279935296097,0.6191117092866757,4,197.74800000000005,0.602331137334395,0.6170212765957447,141,41,0,0.18163159663254963,0.18163159663254963,1499.2230000000452,0.875550867019437,8211.772000000077,0.8323695647466149,-0.3338466666666674,-0.3408399999999998,0.0,0.0,0.0,1.2431306799328374,1.9080356453026202,,,
10.0,12.0,186.16300000000024,0.45514916134243805,0.5752895752895753,1,199.5130000000006,0.517628968421866,0.6226415094339622,106,37,0,0.09670969442154297,0.0994122252183961,197.20099999999957,0.4186085592650686,0.5371900826446281,1,196.17400000000112,0.5776926736543879,0.6153846153846154,143,41,0,0.19598140136500927,0.12778817831562372,186.16300000000024,0.45514916134243805,197.20099999999957,0.4186085592650686,-0.3349566666666647,-0.346086666666663,0.0,0.0,0.0,-0.9916112084345564,-0.8846805165144535,,,
25.0,12.0,977.6080000000147,0.5677651888722209,0.6419558359621451,4,199.41000000000122,0.5930582566869566,0.6218487394957983,119,41,0,0.09394898100586453,0.09999333377774818,194.65099999999939,0.42612651390969103,0.5381818181818182,1,1275.2850000000028,0.6501799361125682,0.6677524429967426,614,195,3,0.19430633851564327,0.16993688968759188,1523.078000000027,0.7083037415243364,194.65099999999939,0.42612651390969103,-0.33529999999999593,-0.13479333333332832,0.32871144466448676,0.012763748865549207,2.6511301659103386,0.8148432920562192,-0.9078450569648694,,,
4.0,12.0,198.78099999999927,0.4042247737905807,0.5497630331753555,1,199.40900000000056,0.4118474647758537,0.6666666666666666,120,41,0,0.08436433582067492,0.09955738446158094,193.81999999999903,0.4147275351640601,0.5330188679245284,1,184.59700000000112,0.51361684188338,0.6866952789699571,233,67,0,0.18567343755802215,0.16452983542903138,198.78099999999927,0.4042247737905807,193.81999999999903,0.4147275351640601,-0.3353033333333315,-0.04756666666666287,-0.3539460329681855,0.0,0.0,-0.8572822030590912,-0.8967347538212832,,,
4.0,10.0,199.80099999999948,0.39158886473121174,0.6063492063492063,1,199.18700000000035,0.42460937612839594,0.6714285714285714,70,24,0,0.08429242989139243,0.09927956131671169,194.1599999999985,0.38906509590696525,0.5406698564593302,1,1499.1169999999995,0.586741117595144,0.747557003257329,614,195,4,0.19558037253171465,0.19557104912867,199.80099999999948,0.39158886473121174,194.1599999999985,0.38906509590696525,-0.33604333333333214,0.04596666666666804,0.2531597565250645,1.968033893736215,0.2844616263836446,-0.8351055708364064,-0.8603377927122661,,,
30.0,12.0,870.4710000000125,0.5567635424555004,0.6403785488958991,4,198.87500000000114,0.5747362883859953,0.6216216216216216,111,39,0,0.09560389394660028,0.09856154894949812,192.06399999999894,0.4337535526020989,0.5328185328185329,1,180.92100000000028,0.7644659569786925,0.6529080675422139,533,167,1,0.19773690116615228,0.17263963849259673,854.9780000000194,0.8128894044985064,192.06399999999894,0.4337535526020989,-0.3370833333333295,-0.021696666666662145,0.18075511685197854,-0.04795969308106418,-0.4516232673882532,0.713621187494953,-0.9315211208511381,,,
15.0,12.0,698.4610000000093,0.5364728316185725,0.6435331230283912,3,198.65800000000036,0.5128925636046208,0.6226415094339622,106,37,0,0.09807960140449987,0.0987453850247137,194.7129999999995,0.4259437244242136,0.5346938775510204,1,198.83400000000006,0.5195923515170843,0.6260869565217392,115,33,0,0.1967661483518374,0.1967661483518374,725.3540000000114,0.728768922952179,194.7129999999995,0.4259437244242136,-0.3378066666666655,-0.33721999999999985,0.0,0.0,0.0,0.42085854586713434,-0.907279823090911,,,
4.0,8.0,196.6240000000007,0.4110126589862007,0.6296296296296297,2,198.22000000000003,0.3881154499151104,0.6617647058823529,68,23,0,0.08860759493670886,0.1,193.97499999999854,0.4300987760234598,0.5330188679245284,1,198.79899999999998,0.4596531760484903,0.6629213483146067,89,25,0,0.1603206412825651,0.14265386110506809,196.6240000000007,0.4110126589862007,193.97499999999854,0.4300987760234598,-0.3392666666666666,-0.33733666666666673,0.0,0.0,0.0,-0.7773562887453269,-0.9166865375078662,,,
12.0,10.0,877.3510000000094,0.5971299894448339,0.6419558359621451,4,198.00800000000004,0.5500728261783413,0.6276595744680851,94,33,0,0.09837678307919316,0.09868421052631579,197.0119999999995,0.39536082790623445,0.5377777777777778,1,193.95900000000006,0.5887004427706245,0.6239316239316239,117,34,0,0.17714791851195724,0.17714791851195724,1941.8680000000195,0.7597038941391923,197.0119999999995,0.39536082790623445,-0.33997333333333324,-0.35346999999999984,0.0,0.0,0.0,0.6669991799457554,-0.8542549517412124,,,
20.0,6.0,1896.099000000051,0.7696194725812671,0.613564668769716,3,197.52299999999923,0.6423958678449044,0.6041666666666666,96,34,0,0.08930240865340287,0.09992692843358292,4180.995000000088,0.7361359366014427,0.6083445491251682,4,197.37799999999925,0.6804267927399912,0.6013986013986014,143,41,0,0.1948320791018247,0.1526781658771927,2461.2560000000594,0.8968786406908954,17546.151000000107,0.8485884829137244,-0.3415900000000026,-0.3420733333333359,0.0,0.0,0.0,1.1047851340007901,2.0407385464015704,,,
12.0,12.0,191.69700000000012,0.4389525780195926,0.5752895752895753,1,196.9220000000007,0.5453155882298601,0.6226415094339622,106,37,0,0.09235827622513243,0.09860420273024069,199.7899999999995,0.4109756241376468,0.5371900826446281,1,196.90100000000075,0.541646201083375,0.6260869565217392,115,33,0,0.19972537760579184,0.19972537760579184,191.69700000000012,0.4389525780195926,199.7899999999995,0.4109756241376468,-0.343593333333331,-0.3436633333333309,0.0,0.0,0.0,-0.9404524545057747,-0.8613327523301691,,,
10.0,6.0,1075.2980000000186,0.6421388592888349,0.6230283911671924,3,196.587,0.5658193768676413,0.6142857142857143,70,24,0,0.09988762642027718,0.09981534161800669,1973.7290000000264,0.6259464691385811,0.6164199192462988,4,198.96399999999926,0.6129383682497578,0.6086956521739131,115,33,0,0.17959366932315635,0.17959366932315635,604.6590000000274,0.8583150522026157,3376.344000000044,0.82035503654135,-0.34471000000000007,-0.3367866666666691,0.0,0.0,0.0,0.7096831767525785,1.438869717874633,,,
10.0,10.0,816.0650000000064,0.4741650444439349,0.6451104100946372,4,196.43300000000022,0.5316589695844047,0.6388888888888888,72,25,0,0.09988762642027718,0.09868421052631579,193.65999999999963,0.40564827488843974,0.5377777777777778,1,199.28700000000003,0.5713428405497838,0.6239316239316239,117,34,0,0.17959366932315635,0.17959366932315635,909.2670000000107,0.7623336016171096,193.65999999999963,0.40564827488843974,-0.34522333333333255,-0.33570999999999984,0.0,0.0,0.0,0.7605887239989074,-0.8853036015722117,,,
12.0,6.0,773.7200000000175,0.7436893960108322,0.6167192429022083,3,196.01,0.6055581268991611,0.6,75,26,0,0.08965343344633395,0.09974233230820373,1635.5470000000269,0.6860616953777147,0.6110363391655451,4,186.1259999999993,0.6351829710500025,0.6068376068376068,117,34,0,0.18194223334091386,0.18194223334091386,188.7580000000171,0.846848126027886,5186.999000000047,0.8294098054245271,-0.34663333333333335,-0.37958000000000236,0.0,0.0,0.0,0.24344689176309509,1.169766820538606,,,
30.0,8.0,1656.7380000000355,0.6801420941684702,0.6246056782334385,4,195.42200000000025,0.6326516034437378,0.6126126126126126,111,39,0,0.09649668775119263,0.09982873133280673,2990.007000000055,0.6345890413498824,0.6177658142664872,4,193.6820000000007,0.6563240826176435,0.608433734939759,166,47,0,0.19183824199434993,0.17409394980000908,919.4600000000403,0.8722947051131531,5223.986000000048,0.8315450505889977,-0.34859333333333253,-0.354393333333331,0.0,0.0,0.0,1.190631586062067,1.8425533270405916,,,
6.0,10.0,195.84799999999973,0.4113340026089737,0.5450236966824644,1,195.3230000000001,0.516467384577299,0.6458333333333334,96,34,0,0.0990221562074514,0.1,191.76599999999917,0.4046530977187784,0.5380952380952381,1,193.08300000000054,0.5708408348336322,0.6343283582089553,134,39,0,0.16391830311772604,0.13838790128730827,195.84799999999973,0.4113340026089737,191.76599999999917,0.4046530977187784,-0.34892333333333303,-0.3563899999999982,0.0,0.0,0.0,-0.8817445300154781,-0.8937882778285321,,,
30.0,15.0,641.8740000000075,0.5003027287550336,0.6419558359621451,4,195.1980000000019,0.637547628066577,0.6845637583892618,447,170,1,0.09510336547034486,0.09987194197662028,196.0379999999991,0.39919642775052,0.5374449339207048,1,1494.7249999999983,0.795483491197089,0.6758957654723127,614,195,3,0.1980807951755426,0.16588358351547156,1227.814000000012,0.7497135571735629,196.0379999999991,0.39919642775052,0.2269600000000036,0.9003866666666749,0.19870692981780036,-0.1752511698824507,1.651937867591612,0.4852008642703892,-0.8643891341296935,-0.1202728695311912,-0.1995540691192902,-0.2469154854589909
25.0,15.0,550.6380000000049,0.49121330981126254,0.6435331230283912,4,194.87500000000227,0.6256255583198027,0.6859688195991092,449,171,1,0.09524580561283473,0.09978844848920235,197.23699999999872,0.395521816281688,0.5328185328185329,1,1746.846000000003,0.7787385456837005,0.6791530944625407,614,195,4,0.19959913839705012,0.18022185310116673,1174.6080000000136,0.7006057846049077,197.23699999999872,0.395521816281688,0.10725000000000295,0.6338066666666744,0.271298929697934,0.0894358523359089,1.5732581469140205,0.34415716304496646,-0.8533308752928054,-0.027055016181222413,-0.11854709952102371,-0.31592803861342444
8.0,6.0,636.7190000000096,0.6593292678237679,0.6293375394321766,3,194.587,0.526295289171497,0.609375,64,22,0,0.0973764353895179,0.09926707807355686,1287.0830000000128,0.5709671520812428,0.6218034993270525,3,189.46299999999997,0.5725730038983542,0.6292134831460674,89,25,0,0.1595630872556236,0.1450573520505669,193.70100000000912,0.7705673956276473,1192.7690000000225,0.8235667252634893,-0.35137666666666667,-0.36845666666666677,0.0,0.0,0.0,0.16245144172902382,0.9855455666152897,,,
20.0,12.0,772.4170000000115,0.5846261444557451,0.6419558359621451,3,194.45400000000086,0.5552877248672394,0.6226415094339622,106,37,0,0.09147917247940565,0.09995585283166564,192.59799999999905,0.4321792044529896,0.5328185328185329,1,198.06900000000132,0.5810235962305237,0.6372549019607843,204,56,0,0.19515812687229764,0.1830663615560638,1233.141000000019,0.7091817922770399,192.59799999999905,0.4321792044529896,-0.35181999999999714,-0.15169333333332968,-0.2217083444666219,0.0,0.0,0.4564967899623107,-0.9266192855736249,,,
25.0,8.0,1861.636000000039,0.6803319691531888,0.6261829652996845,5,194.43700000000058,0.6163671914306731,0.6132075471698113,106,37,0,0.09603795419949929,0.09921588446310206,3521.810000000061,0.6319707075141417,0.6191117092866757,4,193.93900000000076,0.6428833168529217,0.6121212121212121,165,47,0,0.19984112630458728,0.1733470277485249,1626.9880000000512,0.8778798255623188,10045.056000000084,0.8360028055249998,-0.35187666666666473,-0.35353666666666417,0.0,0.0,0.0,1.406980316991812,2.009787411179467,,,
15.0,8.0,1298.7460000000242,0.68132768009311,0.6277602523659306,3,193.96099999999956,0.5119999194889567,0.625,72,25,0,0.08722741433021806,0.09846153846153846,2416.868000000033,0.6142802981621879,0.620457604306864,4,188.21999999999912,0.5836549968257635,0.6153846153846154,117,34,0,0.18326178487815453,0.13672128682075174,929.5690000000261,0.840077589240125,4828.343000000032,0.8417773091359201,-0.3534633333333348,-0.37260000000000293,0.0,0.0,0.0,0.8455796197423091,1.6571668888801834,,,
6.0,8.0,197.27299999999968,0.42569221856377343,0.5450236966824644,1,193.923,0.48619188549717424,0.6527777777777778,72,25,0,0.08695652173913043,0.09920511898413958,197.59799999999927,0.43025119948330054,0.5330188679245284,1,199.23699999999985,0.5163093879731013,0.6347826086956522,115,33,0,0.18409086725207574,0.13140647636818775,197.27299999999968,0.42569221856377343,197.59799999999927,0.43025119948330054,-0.35358999999999996,-0.33587666666666716,0.0,0.0,0.0,-0.8938784134936386,-0.8983869301536053,,,
6.0,12.0,198.1320000000003,0.4137256584534448,0.5454545454545454,1,193.77600000000098,0.4777532523184626,0.6415094339622641,106,37,0,0.09083765947686555,0.09969095803010623,197.68999999999937,0.41069331250633523,0.5380952380952381,1,199.53200000000106,0.5354643447489098,0.6293706293706294,143,41,0,0.1928091815732254,0.12819732131697079,198.1320000000003,0.4137256584534448,197.68999999999937,0.41069331250633523,-0.35407999999999673,-0.3348933333333298,0.0,0.0,0.0,-0.8733786383306544,-0.8715182993319109,,,
8.0,8.0,653.9920000000072,0.5071683508008311,0.6419558359621451,3,193.69299999999998,0.4728337638090158,0.6285714285714286,70,24,0,0.08765805843661853,0.09894163371188815,188.00299999999925,0.46713584417940346,0.5346938775510204,1,194.79899999999998,0.5177168181030429,0.6404494382022472,89,25,0,0.17160753357072367,0.1560068487006579,182.96600000000694,0.7765456328536444,188.00299999999925,0.46713584417940346,-0.35435666666666676,-0.35067000000000004,0.0,0.0,0.0,0.3946353707291679,-0.9979579441489609,,,
25.0,10.0,1301.479000000021,0.6447935392159251,0.637223974763407,3,193.37900000000081,0.6125337116248486,0.6216216216216216,111,39,0,0.09004445945185414,0.09868421052631579,2465.550000000033,0.6028473696216656,0.6285329744279946,4,198.8370000000009,0.6171411076965718,0.624113475177305,141,41,0,0.19549147779338943,0.163523940926976,2377.670000000033,0.7483434951389162,13017.491000000042,0.7334131615761652,-0.35540333333333063,-0.337209999999997,0.0,0.0,0.0,0.8970028364781797,1.692543761675208,,,
15.0,6.0,1290.2430000000315,0.7707807389052717,0.613564668769716,3,193.34099999999899,0.5940440220803315,0.6,75,26,0,0.09418412997409915,0.09997633893311941,2575.0460000000467,0.7376690095374501,0.6083445491251682,4,199.3989999999983,0.6131652514341503,0.6086956521739131,115,33,0,0.17773354187402352,0.1703214817968913,1017.2980000000325,0.9032664271730105,6341.868000000045,0.8535644183801837,-0.35553000000000334,-0.3353366666666724,0.0,0.0,0.0,0.7182493795306528,1.553987039484205,,,
30.0,6.0,1803.5720000000479,0.7684107941919285,0.61198738170347,4,193.22799999999984,0.6864891877157916,0.6050420168067226,119,41,0,0.09734949767659203,0.09898267803134463,3985.5260000000835,0.7353027014931331,0.6069986541049798,4,198.135,0.7165661495854384,0.6170212765957447,188,54,0,0.18221007488389673,0.16443348221229706,1266.4990000000512,0.9128425051236788,8683.495000000064,0.9066547386808629,-0.35590666666666726,-0.10638333333333394,-0.260924706716153,0.0,0.0,1.156387375104602,1.9939834558230136,,,
8.0,12.0,184.67700000000013,0.45993139367921204,0.5752895752895753,1,192.38600000000065,0.48780247544654026,0.6216216216216216,111,39,0,0.08775393795796566,0.09779193949938664,198.83199999999965,0.414273173433256,0.5384615384615384,1,197.47400000000084,0.5281712856217836,0.6260869565217392,115,33,0,0.1938632585505806,0.14759167287781585,184.67700000000013,0.45993139367921204,198.83199999999965,0.414273173433256,-0.3587133333333312,-0.3417533333333306,0.0,0.0,0.0,-1.0060815029307786,-0.8705910117274596,,,
6.0,6.0,197.21800000000417,0.6713997227479876,0.6116910229645094,2,190.587,0.538280960421729,0.625,64,22,0,0.09690462404639792,0.09893357846875554,199.31299999999987,0.4563321040457375,0.5368852459016393,1,195.23599999999988,0.5709447803145681,0.6404494382022472,89,25,0,0.16641704110500913,0.14208279164269016,197.21800000000417,0.6713997227479876,199.31299999999987,0.4563321040457375,-0.3647100000000001,-0.3492133333333337,0.0,0.0,0.0,-1.125862384472535,-0.9249543617274246,,,
8.0,10.0,545.1130000000037,0.42058857569731267,0.6498422712933754,4,190.43300000000022,0.5208304501752535,0.6388888888888888,72,25,0,0.08683367677165749,0.09887187194115146,197.20899999999938,0.39526475891422486,0.5330188679245284,1,199.3240000000003,0.5095977364989537,0.6320754716981132,106,30,0,0.19682617788165824,0.19682617788165824,188.47000000000412,0.7288837294274824,197.20899999999938,0.39526475891422486,-0.36522333333333257,-0.3355866666666657,0.0,0.0,0.0,0.4294160607733659,-0.8531258191180645,,,
30.0,10.0,1150.5430000000188,0.6332235079106442,0.6356466876971609,4,190.39900000000057,0.6282039265308341,0.6216216216216216,111,39,0,0.09044760257323413,0.09868421052631579,193.48499999999922,0.4061853581885263,0.5346938775510204,1,185.92999999999824,0.7887111070706171,0.651031894934334,533,167,2,0.1997233831143837,0.19563250434059704,1531.8520000000226,0.7317172041294694,193.48499999999922,0.4061853581885263,-0.36533666666666476,0.003573333333336759,0.456349311792543,-0.16315062057264829,-0.49328209740277673,0.8893550734957604,-0.8869327181255066,,,
10.0,8.0,966.7960000000112,0.5140800877831494,0.6356466876971609,4,189.923,0.5338432047282554,0.625,72,25,0,0.09817806063967915,0.09894163371188815,195.59199999999942,0.4449794980207441,0.5346938775510204,1,193.77699999999982,0.5554655777568769,0.6173913043478261,115,33,0,0.1888360148047437,0.14265386110506809,437.6370000000152,0.8270438163747712,195.59199999999942,0.4449794980207441,-0.3669233333333334,-0.35407666666666726,0.0,0.0,0.0,0.8761969182969637,-0.9284739400154122,,,
12.0,8.0,1050.9690000000148,0.6423547517042637,0.6309148264984227,4,188.58900000000017,0.5401266554333325,0.625,72,25,0,0.09753980233559052,0.09975518415222634,1959.4120000000212,0.5543842211523511,0.6231493943472409,4,195.57799999999975,0.5650971192226022,0.6173913043478261,115,33,0,0.18724400234055022,0.13783882506185507,745.581000000022,0.8367096263027279,4372.276000000035,0.8027752429513468,-0.3713699999999994,-0.3480733333333341,0.0,0.0,0.0,0.7865064852666376,1.5281985340036965,,,
4.0,6.0,193.8389999999995,0.46867513472323546,0.5968253968253968,1,188.587,0.429866647318284,0.6226415094339622,53,17,0,0.08985250710957964,0.09933774834437085,193.77599999999848,0.45818747134021864,0.536036036036036,1,189.75300000000016,0.4916386257447809,0.6410256410256411,78,22,0,0.1747744813368658,0.15888589212442344,193.8389999999995,0.46867513472323546,193.77599999999848,0.45818747134021864,-0.3713766666666667,-0.36748999999999943,0.0,0.0,0.0,-0.9694659889315417,-0.9556327081868093,,,
20.0,10.0,1326.1290000000208,0.6562405383969296,0.637223974763407,4,185.47100000000023,0.6092352876730794,0.6226415094339622,106,37,0,0.09116289670104247,0.09985155402301914,194.01899999999932,0.4045464868614085,0.5346938775510204,1,199.57200000000034,0.6104658085042007,0.624113475177305,141,41,0,0.19813014674013943,0.1653661309493046,3513.486000000032,0.75661342809218,194.01899999999932,0.4045464868614085,-0.38176333333333257,-0.33475999999999884,0.0,0.0,0.0,1.0003122495897554,-0.8819641395070751,,,
15.0,10.0,979.2910000000143,0.6288290100560558,0.638801261829653,3,184.3229999999994,0.5717442217079776,0.625,96,34,0,0.09623805445149111,0.09953021737399477,197.3849999999993,0.39421607321519603,0.5374449339207048,1,196.36699999999928,0.5803980477965069,0.6239316239316239,117,34,0,0.1736729217863995,0.1736729217863995,2500.0360000000132,0.7590431446943614,197.3849999999993,0.39421607321519603,-0.385590000000002,-0.34544333333333577,0.0,0.0,0.0,0.6341272022147313,-0.8508180372265056,,,
