tp2,sl2,b_train_final,b_train_dd,b_train_wr,b_train_pos_years,b_train_score,b_oos_final,b_oos_dd,b_oos_wr,b_oos_trades,b_oos_reentries,b_oos_pos_years,ab_train_final,ab_train_dd,ab_train_wr,ab_train_pos_years,ab_train_score,ab_oos_final,ab_oos_dd,ab_oos_wr,ab_oos_trades,ab_oos_reentries,ab_oos_pos_years,ab_oos_maxrisk,ab_oos_maxdayloss,b_full_final,ab_full_final,b_ret_2023,b_ret_2024,b_ret_2025,b_ret_2026,ab_ret_2023,ab_ret_2024,ab_ret_2025,ab_ret_2026
12.0,20.0,718.154000000002,0.3899625491530182,0.6529968454258676,4,0.7464521147165667,714.3130000000021,0.5396145003341303,0.7301587301587301,504,195,3,197.52999999999906,0.39996597792210375,0.5374449339207048,1,-0.8578460733111367,1910.857,0.6393204815556057,0.7100977198697068,614,195,4,0.19881664333884685,0.1789137608835477,1669.7770000000082,197.52999999999906,0.13954333333333424,0.1261236226207625,1.1359888825393467,-0.1313368510530658,0.3385600000000015,0.3481502510160197,1.2421782353788626,0.5742027273393819
15.0,20.0,730.6880000000035,0.424208005521288,0.6498422712933754,4,0.7175232739439269,710.8830000000007,0.5899645712126702,0.7162698412698413,504,195,3,194.4589999999987,0.4092947101744272,0.5328185328185329,1,-0.8861089894691431,1391.0059999999974,0.6932196342673136,0.6986970684039088,614,195,4,0.1997443272611057,0.1997443272611057,1565.7840000000056,194.4589999999987,0.17322666666666686,0.1337053368488088,0.8065975320027612,-0.013871876573591013,0.37324666666666717,0.286678285522874,0.584683763521588,0.6559476956117001
25.0,8.0,731.4850000000049,0.4646075098237391,0.6261829652996845,3,0.5640741015217103,784.958000000001,0.3232566790091511,0.6527777777777778,504,195,4,851.396000000004,0.4129087388722422,0.6191117092866757,3,0.7856680831050594,1595.0759999999989,0.38516532317187224,0.6465798045602605,614,195,4,0.19982082732483225,0.16734627849767694,2110.8100000000077,7375.825999999999,0.09908000000000139,0.23492072157319854,0.5127301483608064,0.2743693563522185,0.37306666666666843,0.07042386871237194,0.4834043576176612,1.4386707355108603
10.0,12.0,550.6400000000019,0.33803208671308815,0.6498422712933754,4,0.5509554463712422,356.0330000000006,0.43452062822557813,0.7043650793650794,504,195,1,199.25499999999943,0.39472597038864254,0.5377777777777778,1,-0.8420771232225129,907.8259999999984,0.559634491364776,0.6889250814332247,614,195,4,0.19954868738536352,0.17073927259378605,520.5830000000026,199.25499999999943,-0.07402999999999871,0.3685000593971737,-0.010848149580305666,-0.053186821369401005,0.25292666666666874,0.4816988490946503,0.2727197641389141,0.2807459094333453
30.0,20.0,643.2340000000042,0.4158575828065212,0.6466876971608833,3,0.5013183657191986,886.2329999999968,0.6839118056169848,0.7003968253968254,504,195,4,193.2479999999989,0.4129733473471919,0.5381818181818182,1,-0.8973221554494252,1282.9149999999977,0.7144143843613459,0.6856677524429967,614,195,2,0.1999590084032765,0.19518002917941418,1985.2749999999987,193.2479999999989,0.23045000000000226,0.24423313963726567,0.10863071262164259,0.740499977414802,0.3800400000000028,-0.0372356356820529,-0.04909984043995508,2.384776729767175
25.0,20.0,641.8090000000038,0.415353679647587,0.6482649842271293,3,0.4997808094571401,741.4850000000006,0.5759807584199705,0.7043650793650794,504,195,4,198.51499999999896,0.3969738576783602,0.5381818181818182,1,-0.8488325184991409,1419.783999999998,0.7335227843439268,0.6889250814332247,614,195,3,0.19866003804339613,0.19486624867856303,2115.8170000000046,198.51499999999896,0.17888666666666952,0.08549309235267821,0.2136821376288649,0.5913915031066563,0.3862066666666699,-0.024546604402418293,0.3772426747918034,1.5413006279041532
15.0,15.0,568.7170000000035,0.42247962136618833,0.6451104100946372,4,0.4692529831032489,765.7210000000009,0.4906598212246594,0.7043650793650794,504,195,4,196.86699999999905,0.40197996342626846,0.5374449339207048,1,-0.8639270514480265,1494.2859999999982,0.6368354654325467,0.6889250814332247,614,195,4,0.199904712087239,0.1997443272611057,1290.769000000006,196.86699999999905,0.21289333333333382,0.3681582332054518,0.5260681880726084,0.00789763610588623,0.332550000000001,0.31490000375220517,0.6385130057775921,0.7349475087253261
20.0,20.0,622.3120000000038,0.41554155732381487,0.6482649842271293,3,0.46867799764977924,886.7270000000008,0.6104088449740107,0.7083333333333334,504,195,4,193.51499999999896,0.4121622853115779,0.5381818181818182,1,-0.894846530981627,1377.6959999999988,0.7078939581070385,0.6921824104234527,614,195,4,0.1995350832560129,0.1972688132801363,1630.524000000005,193.51499999999896,0.1984666666666688,0.32850030594649215,0.5298409501537673,0.2134860214553449,0.3984866666666691,0.2160096866612986,0.473416808448907,0.8327834656563304
10.0,20.0,564.1240000000014,0.3513387409374793,0.6561514195583596,3,0.45718431056702913,449.80100000000107,0.5601132794711401,0.7321428571428571,504,195,3,195.85399999999913,0.40505713886475814,0.5374449339207048,1,-0.8732401284266319,709.6209999999987,0.6781951817463251,0.7117263843648208,614,195,3,0.19795447047179154,0.1642438418824537,784.137000000004,195.85399999999913,0.11227000000000098,0.18051372418567668,0.5429750072985273,-0.2599535045187483,0.38788666666666805,0.28603440242478895,0.4951994636397392,-0.11366177005099809
30.0,15.0,558.7780000000037,0.42371990739555965,0.6419558359621451,4,0.4499479068888447,556.885,0.6132147084897103,0.6884920634920635,504,195,4,197.53199999999856,0.399959902551052,0.5328185328185329,1,-0.8578277465671802,1339.548999999997,0.7082067754175217,0.6758957654723127,614,195,4,0.19843927510132778,0.19518002917941418,1469.3250000000046,197.53199999999856,0.2701166666666692,0.21793536026874705,0.13842344788352956,0.05407758628848258,0.4988266666666694,0.17978062840266573,0.1965612664613101,1.1103269114734906
12.0,15.0,506.9750000000022,0.38184472621095134,0.6482649842271293,4,0.40918883766974623,659.5220000000029,0.4945563281828215,0.7162698412698413,504,195,3,199.49399999999923,0.39399996354777533,0.5377777777777778,1,-0.8398982647560209,1055.2540000000004,0.6368346123545852,0.6986970684039088,614,195,4,0.19650129445227718,0.16545927357863582,1024.1260000000077,199.49399999999923,0.1792100000000012,0.41737547454087043,0.4609096257591003,-0.09965570999915319,0.40859000000000156,0.3212195647183844,0.33124013777119177,0.4197757428819755
12.0,10.0,572.3320000000019,0.39913588855618687,0.6419558359621451,3,0.407103318374873,949.6520000000016,0.33277609619282905,0.7003968253968254,504,195,4,197.67499999999905,0.3964896104927021,0.5374449339207048,1,-0.852419180864363,2792.8139999999985,0.5353957761009189,0.6856677524429967,614,195,4,0.19779277392356565,0.18253532438808853,1957.6970000000047,197.67499999999905,0.0013733333333341147,0.6220423951107199,0.8873134803121769,0.03262103491320634,0.32833000000000157,1.0072747986820572,0.9450179210573297,0.7950821884878274
15.0,12.0,569.7100000000037,0.4023067050127149,0.6435331230283912,3,0.39823093300705814,651.694,0.3906314503326111,0.6924603174603174,504,195,3,198.30399999999918,0.39761480932448134,0.5374449339207048,1,-0.8507612604645581,967.6339999999987,0.48184849015519826,0.6791530944625407,614,195,4,0.19909560819975297,0.1650730241790717,1101.0770000000036,198.30399999999918,-0.04640666666666604,0.30288942176609424,0.5096638835826621,0.15816767194958548,0.2805500000000014,0.0760636705582236,0.28846646959499855,0.8166958924890284
25.0,12.0,567.4960000000042,0.40492236400471615,0.6419558359621451,3,0.3908060348100071,589.3520000000019,0.3872666655929384,0.6785714285714286,504,195,4,195.39999999999873,0.40643624809385553,0.5328185328185329,1,-0.8774226699742302,1809.3109999999992,0.5853442986708725,0.6677524429967426,614,195,4,0.1981321095373358,0.1943914817652693,1541.796000000008,195.39999999999873,0.06250000000000311,0.1905192156862805,0.05764234026741666,0.46841675138033234,0.3395633333333361,0.29597953561981893,0.394568886397056,1.4910967891165097
20.0,12.0,567.0230000000035,0.4100917571669726,0.6419558359621451,3,0.3829935204473299,668.8640000000012,0.38573878120497235,0.6845238095238095,504,195,4,199.75799999999913,0.39319801456874176,0.5346938775510204,1,-0.8374931604170269,1406.4439999999997,0.6398729162642743,0.6726384364820847,614,195,4,0.19951982229434503,0.19951982229434503,1551.9370000000067,199.75799999999913,0.015413333333335721,0.3129366038132284,0.37232467896147203,0.21863339552238759,0.2757033333333363,0.4054338652403531,0.49373739251684245,0.75051901563768
30.0,12.0,566.5650000000044,0.4095125237717518,0.6403785488958991,3,0.3829674317672177,511.9780000000005,0.48746416172647455,0.6726190476190477,504,195,4,199.49099999999908,0.39400907660435575,0.5346938775510204,1,-0.8399256055417349,1376.5619999999988,0.672712055758965,0.6628664495114006,614,195,4,0.19897824670317835,0.1621704898359649,1363.5110000000068,199.49099999999908,0.07696666666666951,0.19923241202142217,0.15660455272801754,0.14245611842780592,0.36169333333333564,0.44365349026212964,0.16315214737241046,1.0067613074776767
12.0,8.0,554.7390000000019,0.399763803926077,0.6309148264984227,3,0.3750341229080194,573.235000000001,0.3226589697617758,0.6765873015873016,504,195,2,190.38499999999863,0.41983916333241217,0.5328185328185329,1,-0.9215170074137312,1314.1139999999991,0.5379613184459505,0.6661237785016286,614,195,4,0.19668455403416438,0.19462021082234357,1228.2620000000047,190.38499999999863,-0.020693333333332897,0.3239128362923467,0.525202144206911,-0.03371345251038793,0.30626333333333444,0.48827316595173587,0.7370954163330281,0.2971037810157595
10.0,8.0,521.2680000000014,0.36366873114519827,0.6356466876971609,3,0.36152904318866724,559.5500000000006,0.3178091454653027,0.6805555555555556,504,195,2,186.7089999999987,0.43104105022260847,0.5328185328185329,1,-0.9561366373933514,1265.8459999999986,0.4877437750949143,0.6693811074918566,614,195,4,0.1998309430222035,0.1939756027185684,952.4810000000025,186.7089999999987,-0.02129999999999954,0.3292462790776898,0.4849595162447464,-0.03450953325856265,0.3056566666666678,0.46357516141302924,0.41440278538509934,0.5611423130902795
20.0,10.0,567.0270000000032,0.43332413694899496,0.637223974763407,3,0.3516368621042817,1105.347000000001,0.31582038080830366,0.6805555555555556,504,195,4,194.7709999999986,0.4053556490465378,0.5328185328185329,1,-0.8791880913794831,3146.4929999999986,0.5523840016269629,0.6693811074918566,614,195,4,0.199502639918683,0.18527216017148815,2316.7490000000053,194.7709999999986,0.07687666666666848,0.5239163878252884,0.6276920951980469,0.37936125049447944,0.3371666666666693,0.7329801819768178,0.8793457856541715,1.4083504465772125
8.0,8.0,487.15200000000095,0.32087139592493086,0.6419558359621451,3,0.35161733021971636,392.70300000000043,0.35982911788626065,0.6944444444444444,504,195,2,196.75299999999902,0.40068413870409814,0.5374449339207048,1,-0.8627569269491061,1344.1129999999985,0.4781546498089023,0.6807817589576547,614,195,4,0.19939359423154376,0.17427048740187784,759.9940000000015,196.75299999999902,-0.024366666666666537,0.31134305920940375,0.398330454357154,-0.2683048166304267,0.3025900000000008,0.42676001914134964,0.6180093086656666,0.48996079205155096
30.0,10.0,563.7520000000034,0.4343020247970735,0.6356466876971609,3,0.3445242303501912,770.5079999999994,0.41627075525960544,0.6666666666666666,504,195,4,194.50399999999854,0.40617081168216945,0.5328185328185329,1,-0.8816603420274052,1689.715999999997,0.637657109764761,0.6579804560260586,614,195,4,0.19878607967346,0.1969809388111555,1605.2770000000028,194.50399999999854,0.13843000000000227,0.4435377376445382,0.2956086083446501,0.20627853237896687,0.46725666666666865,0.3985237756629756,0.3421031257411382,1.0451757210153572
15.0,10.0,562.353000000003,0.4380647885402196,0.638801261829653,3,0.33695982740624375,1017.3619999999992,0.3177868040143482,0.6904761904761905,504,195,4,199.128999999999,0.3920504851286268,0.5346938775510204,1,-0.8390977736669039,1591.320999999997,0.5558231687827133,0.6775244299674267,614,195,4,0.19864869227082757,0.19678821947003022,2004.5240000000022,199.128999999999,0.01505666666666694,0.34629265361211514,1.1547043800872703,0.1516931903342007,0.34201333333333417,0.3043511738581821,0.8820250715527511,0.6101256575545819
10.0,15.0,454.20000000000186,0.3589952824806901,0.6514195583596214,4,0.3301115236663295,410.38300000000186,0.5166957112577921,0.7182539682539683,504,195,3,197.8179999999993,0.3990911244904297,0.5377777777777778,1,-0.8552080766588913,754.588,0.6459164748088253,0.7003257328990228,614,195,4,0.19954877034306154,0.18248508184455922,601.2530000000045,197.8179999999993,0.15193666666666794,0.4015527474022038,0.16730257045524954,-0.27415044315092507,0.39212000000000224,0.201986897681234,0.35776395288380347,0.107102824580245
15.0,6.0,542.9080000000024,0.42339950454903874,0.613564668769716,3,0.32156807068419957,776.9670000000006,0.28413804150703714,0.6468253968253969,504,195,4,195.95799999999895,0.4100475976866522,0.5381818181818182,1,-0.8794463809794195,1684.431999999998,0.520014443800827,0.6416938110749185,614,195,4,0.19953607861721506,0.19645593493379485,1561.168000000003,195.95799999999895,0.11347333333333309,0.19869657108986583,0.675678983055078,0.15798094392123585,0.38682666666666665,0.37477646809983445,0.7473412206520205,0.6853893011230392
15.0,8.0,529.6190000000026,0.40701465887976573,0.6277602523659306,3,0.318905615968316,658.7890000000002,0.3274338067355418,0.6666666666666666,504,195,2,196.38499999999863,0.4015553435986855,0.5328185328185329,1,-0.865805170256185,1762.3249999999982,0.4559507233379754,0.6579804560260586,614,195,4,0.1979742986937234,0.1887994713614805,1180.1460000000027,196.38499999999863,-0.007050000000000001,0.26263155244473735,0.7754726562603835,-0.013477310947020649,0.31990666666666745,0.37434970149404534,0.8804069797355356,0.7221557178804401
20.0,15.0,538.3110000000031,0.4210356148489732,0.6435331230283912,3,0.3162559053576559,933.9980000000019,0.5256635605366791,0.6984126984126984,504,195,4,197.7989999999986,0.39914884051543803,0.5328185328185329,1,-0.8553820457879463,1329.6990000000003,0.6698406913922086,0.6840390879478827,614,195,4,0.1972688132801363,0.1972688132801363,1494.206000000008,197.7989999999986,0.23813333333333575,0.2954528322205505,0.5815147251669288,0.227333054751786,0.3714866666666694,0.2139940599738508,0.5870072253264753,0.6774324176011322
10.0,10.0,485.1570000000013,0.35421472287922645,0.6451104100946372,3,0.30250019935132383,680.3390000000006,0.3605917219800661,0.7043650793650794,504,195,2,195.9989999999991,0.4016065115313473,0.5374449339207048,1,-0.867841708046839,1351.5689999999984,0.5226453405411797,0.6889250814332247,614,195,4,0.19952015402955925,0.17736550152312666,972.8730000000019,195.9989999999991,-0.012566666666665838,0.600837187320665,0.4684004757325757,-0.022977314210463562,0.3143900000000015,0.40415198938924557,0.4115871774541633,0.729302211321075
20.0,6.0,536.6370000000024,0.4321013081095985,0.613564668769716,3,0.2982026476751708,899.1200000000003,0.339388612169157,0.6408730158730159,504,195,4,1003.6610000000046,0.38896432130395614,0.6083445491251682,4,1.0825252854163527,2089.6139999999978,0.501566701893554,0.6368078175895765,614,195,4,0.19868589151352992,0.19868589151352992,1857.5730000000028,12826.479999999996,0.1725166666666671,0.3833833207772479,0.6339917634583585,0.1307978669886305,0.3922100000000015,0.32522153027680134,0.8728482229320489,1.0158072339366453
30.0,8.0,525.8700000000028,0.4178523480138919,0.6246056782334385,3,0.29717088942761527,651.6749999999995,0.3572617047870025,0.6468253968253969,504,195,4,195.17399999999884,0.40524562788160867,0.5381818181818182,1,-0.8769726039101692,1612.9769999999967,0.5304948732636581,0.6416938110749185,614,195,4,0.19782002334276258,0.18757832860675097,1391.402000000002,195.17399999999884,0.1135466666666678,0.2065233009243761,0.32903368266443844,0.21654921360899815,0.3742000000000014,0.28077911997283267,0.4677205528641206,1.0813224134393713
20.0,8.0,520.7990000000029,0.4122826700918445,0.6261829652996845,3,0.29500009148944273,698.0400000000009,0.30197601662610235,0.6587301587301587,504,195,4,195.4409999999989,0.4044319979034577,0.5381818181818182,1,-0.8745071282296352,2254.0829999999996,0.4509470333299767,0.6514657980456026,614,195,4,0.1956433486967708,0.17823993412252045,1642.9820000000052,195.4409999999989,0.051993333333334,0.213867008029204,0.5610790041086506,0.1672128954584975,0.3720133333333342,0.36731664415311904,0.8516275078048197,1.1630551501176019
8.0,10.0,477.34500000000116,0.35394631137401494,0.6498422712933754,3,0.28662950488345984,445.2160000000001,0.33842376454738693,0.7162698412698413,504,195,2,197.76299999999924,0.39647337790947973,0.536036036036036,1,-0.8519521907768259,1667.0119999999981,0.49327797721461003,0.6986970684039088,614,195,4,0.1998725812294665,0.17714603564886852,794.5060000000014,197.76299999999924,-0.02896666666666614,0.33215474923620936,0.3430978947097163,-0.1458128683693516,0.2979900000000013,0.58647087676587,0.827569293924729,0.4765228358954563
10.0,6.0,489.10700000000156,0.3769097132942639,0.6230283911671924,3,0.2799706918410772,702.3190000000011,0.32556592067329265,0.6607142857142857,504,195,4,194.22899999999868,0.41525293609386166,0.5328185328185329,1,-0.8953360630873751,1319.2449999999992,0.5303959875373911,0.6530944625407166,614,195,4,0.1994201858097579,0.19254065415687274,1321.9320000000037,194.22899999999868,0.09922333333333344,0.5155761492205129,0.3412093551853086,0.04773846482048083,0.3732100000000007,0.4442049407349684,0.3366383229768759,0.6589164345579042
25.0,10.0,526.208000000003,0.43418684084043385,0.637223974763407,3,0.27576186204457764,921.8470000000009,0.37602009301352696,0.6726190476190477,504,195,4,199.7709999999986,0.39009043115081754,0.5328185328185329,1,-0.8332328461750799,2080.1839999999984,0.5389723714331057,0.6628664495114006,614,195,4,0.1986149914595559,0.16981820960661642,1617.7840000000047,199.7709999999986,0.12396333333333587,0.45179706336802683,0.3029783670050812,0.4452478415670209,0.4658133333333361,0.40443075971474607,0.41547628685696814,1.379572263962738
25.0,15.0,527.8560000000032,0.43716304529065714,0.6435331230283912,3,0.2748709334381062,660.3750000000018,0.6148081614430803,0.6924603174603174,504,195,4,194.85199999999895,0.4081008997624555,0.5381818181818182,1,-0.8824783932976046,1580.365,0.6496156815359316,0.6791530944625407,614,195,4,0.19903765294799533,0.19486624867856303,1414.3370000000084,194.85199999999895,0.21855333333333649,0.30277432802832305,0.26482939632545466,0.0962855364183437,0.4052400000000034,0.18664190221362387,0.33604861520623674,1.364523875427349
12.0,6.0,509.46900000000187,0.4134165397511323,0.6167192429022083,3,0.2714742035268132,814.9870000000019,0.33772980896708493,0.6567460317460317,504,195,4,197.9049999999986,0.4041859470916069,0.5328185328185329,1,-0.8616463856550215,1577.7060000000001,0.5630303702100631,0.6498371335504886,614,195,4,0.1997508108634475,0.19833743643904964,1657.9630000000056,197.9049999999986,0.09983000000000031,0.4677177381959081,0.6292228334489689,0.032953648158968285,0.37381666666666735,0.5139259241286462,0.6919531313856533,0.494455842819876
12.0,12.0,489.69100000000185,0.39928004002489303,0.6466876971608833,3,0.2509640512504379,453.15200000000164,0.4051280779216472,0.7023809523809523,504,195,2,195.30399999999918,0.40672786590441196,0.5374449339207048,1,-0.8783077746434637,1074.2009999999998,0.5990038688157934,0.6872964169381107,614,195,4,0.19917045505469677,0.19193827265151533,779.7410000000039,195.30399999999918,-0.060089999999998644,0.3448876310852502,0.2793350596748061,-0.06595870984763519,0.2668666666666688,0.47690627795611307,0.37392328344434933,0.3928936814137949
6.0,20.0,458.43500000000085,0.35477816777500326,0.668769716088328,3,0.24508551386391114,451.03300000000036,0.4992915272696844,0.7678571428571429,504,195,3,198.4089999999992,0.3938656116822233,0.5384615384615384,1,-0.8451704937020738,891.9429999999988,0.6135278063008135,0.741042345276873,614,195,3,0.19906637868397184,0.15646534357833655,716.7500000000018,198.4089999999992,0.1499166666666678,0.06874411189216523,0.9773603840624923,-0.3813270455521216,0.41010000000000213,-0.06482282580431864,1.1863637742411668,0.031215929835838985
25.0,6.0,501.7920000000024,0.428830694439365,0.613564668769716,3,0.23548177904928203,938.5999999999999,0.3136858082469011,0.6349206349206349,504,195,4,965.0780000000041,0.38699971743824507,0.6083445491251682,3,0.9459768338902134,1797.055999999998,0.5170013581134257,0.6319218241042345,614,195,4,0.1999860009799319,0.1999860009799319,1680.0920000000024,12403.53799999999,0.21960333333333448,0.3881015958740712,0.5330393006221896,0.2054970459799641,0.39703333333333535,0.3226503781823391,0.4865641055244412,1.180744997912766
30.0,6.0,501.36300000000256,0.4333586167998902,0.61198738170347,3,0.2285137822867399,958.3059999999989,0.3927140827270071,0.628968253968254,504,195,4,1005.5150000000046,0.38976815320373925,0.6069986541049798,4,1.0832856455714586,1889.4589999999953,0.5280380106597068,0.6270358306188925,614,195,4,0.19824552708529483,0.1899202216368997,1285.7269999999999,10677.504999999981,0.23407000000000067,0.4846618641298075,0.3504993150223803,0.29098511934431404,0.38780000000000125,0.3676202142479703,0.5217186663036988,1.1806675214868858
8.0,15.0,444.22200000000134,0.37584517650905536,0.6561514195583596,3,0.18515097453045304,373.54300000000126,0.3957406016409778,0.7301587301587301,504,195,3,198.95499999999925,0.395888684773864,0.536036036036036,1,-0.8451535306010866,1019.1709999999998,0.5626761231978182,0.7100977198697068,614,195,4,0.19970767788649368,0.17833835467263212,371.3580000000027,198.95499999999925,0.12220333333333433,0.14588265347040696,0.3493470270158172,-0.2823974196175909,0.37555666666666787,0.3942646249881858,0.6288229947146768,0.0874973724112249
8.0,12.0,444.28000000000134,0.39830364056553275,0.6545741324921136,3,0.15496260487925212,334.17600000000016,0.40681388815757014,0.7162698412698413,504,195,2,197.39199999999937,0.4006346121730165,0.536036036036036,1,-0.8594476017606679,872.9219999999984,0.48409514614821314,0.6986970684039088,614,195,4,0.1990435955235103,0.1716929786156399,568.0530000000017,197.39199999999937,-0.0904299999999989,0.33829538499877243,0.16702356633130777,-0.2158732542423787,0.23652666666666855,0.48107872050204903,0.29395469387606266,0.22787310000253247
6.0,8.0,388.6200000000008,0.34694456345303487,0.6514195583596214,3,0.09044436710508469,635.6109999999996,0.34766905407754534,0.7261904761904762,504,195,3,194.3799999999992,0.4042832274989593,0.536036036036036,1,-0.8797498257044757,1780.5089999999973,0.4845197187969725,0.7068403908794788,614,195,4,0.19940154610973843,0.16797741543649505,978.4440000000004,194.3799999999992,0.03729000000000049,0.2740795727327925,1.001657094863007,-0.19908998237171616,0.3779433333333342,0.37283584472510567,1.0836905976490159,0.505704396330177
8.0,6.0,377.64400000000046,0.33468380473146275,0.6293375394321766,3,0.07834634186284009,619.5860000000009,0.3416790474476265,0.6706349206349206,504,195,3,186.36599999999862,0.43915665551195626,0.5328185328185329,1,-0.9689314774168644,1164.1339999999989,0.5448467632876959,0.6612377850162866,614,195,4,0.19774227754611748,0.19774227754611748,736.7560000000012,186.36599999999862,0.09615666666666667,0.44460493785864186,0.36739402257427556,-0.04618326133876027,0.4095200000000008,0.373630739542538,0.43434082582706535,0.3972950329718874
6.0,15.0,384.75300000000107,0.3698186275875511,0.6656151419558359,3,0.04956394806015302,386.0010000000011,0.43344085480380634,0.7579365079365079,504,195,3,198.4089999999992,0.3938656116822233,0.5384615384615384,1,-0.8451704937020738,745.3499999999997,0.5399868295895225,0.7328990228013029,614,195,3,0.19831629465835052,0.15862000594825032,598.4930000000027,198.4089999999992,0.17291666666666816,0.12767602131438682,0.5524179626563455,-0.37337601724672453,0.4988866666666687,-0.09944714521445008,0.5813141440382474,0.1639728273600376
6.0,6.0,379.55000000000064,0.3629024416523648,0.637223974763407,3,0.045285569575885365,686.3049999999998,0.3681557469477817,0.6984126984126984,504,195,3,197.89999999999918,0.4008404582556266,0.536036036036036,1,-0.857155240692781,1392.027999999997,0.5612196351103247,0.6840390879478827,614,195,4,0.19930839985251217,0.1932314874573447,871.2270000000001,197.89999999999918,0.10448000000000013,0.5530807861316327,0.5435266729368604,-0.1359679216421904,0.3784666666666674,0.612361561154902,0.5972800460724434,0.30703418126096294
6.0,12.0,383.6640000000009,0.3880492419115701,0.6640378548895899,3,0.022118218314954474,581.2049999999999,0.3614735382858994,0.75,504,195,2,196.84599999999932,0.3986405364534817,0.5384615384615384,1,-0.8595255017257533,1312.0899999999974,0.5423269214473363,0.7263843648208469,614,195,4,0.19978223736127673,0.16493315053242527,781.0390000000011,196.84599999999932,-0.03638333333333166,0.29398273864088176,0.8798703989349619,-0.17349137164838135,0.2905733333333358,0.43985618794746983,0.7975611331152048,0.30935345128681146
6.0,10.0,385.7730000000006,0.371773596312252,0.6593059936908517,2,-0.05042771610303731,699.884,0.41494482297815477,0.748015873015873,504,195,3,197.2169999999992,0.39444360858391375,0.5384615384615384,1,-0.8519767008950031,2185.564999999997,0.5331856109129949,0.7247557003257329,614,195,4,0.19809089896126136,0.18151585184416902,984.3070000000005,197.2169999999992,0.032690000000000774,0.31108399745647985,1.3139422378583054,-0.255350660294249,0.3733433333333347,0.4484117834093395,1.6084038542103065,0.4040949141218011
4.0,6.0,195.7189999999996,0.4127701835027558,0.6162528216704289,2,-0.7843422653169267,723.1870000000001,0.34347947158136716,0.7321428571428571,504,195,3,198.68399999999883,0.39452560750397914,0.5384615384615384,1,-0.8446764218731047,1532.8559999999977,0.48905543484643943,0.7117263843648208,614,195,4,0.19971507316228923,0.16599990040006016,195.7189999999996,198.68399999999883,0.13728333333333387,0.49328370239019836,0.5254334760915902,-0.06948134747493206,0.49424000000000134,0.32253185565906106,0.6662719657790943,0.5516998428920827
8.0,20.0,199.0129999999997,0.40500955211207984,0.5752895752895753,1,-0.8571752207835438,367.7460000000008,0.4836470966267265,0.7420634920634921,504,195,3,198.95499999999925,0.395888684773864,0.536036036036036,1,-0.8451535306010866,903.6239999999989,0.6359996238775101,0.7198697068403909,614,195,3,0.19919128338943942,0.18526581012107143,199.0129999999997,198.95499999999925,0.08253666666666737,0.16303989703197264,0.5984379550448746,-0.39089285891749126,0.34282666666666795,0.35013702438636796,0.7349218606361441,-0.04238976541503825
4.0,8.0,197.5630000000001,0.4015781183740222,0.6292372881355932,1,-0.8598554136438272,649.3529999999998,0.3309521680703221,0.7579365079365079,504,195,3,198.9979999999989,0.38608528255786173,0.5388127853881278,1,-0.8317028316865879,1810.4469999999978,0.47227787294724005,0.7328990228013029,614,195,4,0.1985754692276285,0.17888147648770736,197.5630000000001,198.9979999999989,0.07629333333333377,0.24512524466688035,0.8638952730601244,-0.13344845486706536,0.42991666666666783,0.30088000466227327,1.0257273158974627,0.6015319603661218
4.0,20.0,197.37299999999982,0.4024993112968519,0.6343115124153499,1,-0.8620612053780519,391.38000000000034,0.4382374141659392,0.7896825396825397,504,195,3,198.03999999999883,0.39099281947199555,0.5330188679245284,1,-0.8431537504501786,929.9829999999993,0.5991924195001349,0.758957654723127,614,195,4,0.1985153533014966,0.15645718353601074,197.37299999999982,198.03999999999883,0.19555333333333458,0.004990715596125517,0.6628381827462984,-0.34702525943474904,0.4241166666666687,0.10450688731026214,0.8457565842452772,0.06773955404410881
4.0,10.0,191.88499999999976,0.41618620217540225,0.6312217194570136,1,-0.9087376133457475,609.79,0.30954871809570217,0.7757936507936508,504,195,3,196.84799999999882,0.39155995289448786,0.5330188679245284,1,-0.8499565537459525,2038.7909999999977,0.53087263140482,0.747557003257329,614,195,4,0.19911096952108864,0.183796641269545,191.88499999999976,196.84799999999882,0.07169333333333427,0.2150739639449084,0.786200647116645,-0.12611244070565641,0.42531666666666834,0.40781814567522723,1.2090432176698056,0.533166490072501
4.0,12.0,194.3380000000002,0.4116870653980402,0.6325581395348837,0,-0.9899611018273695,534.9810000000002,0.33388926987909595,0.7757936507936508,504,195,3,196.47699999999895,0.3957993142365138,0.5330188679245284,1,-0.8575661727629323,1363.7689999999982,0.5349757609181405,0.747557003257329,614,195,4,0.199984751162724,0.1670548952826833,194.3380000000002,196.47699999999895,0.01595333333333504,0.18721660443721033,0.6553432804472605,-0.10684813040814312,0.3429100000000025,0.3283416858414403,0.8495065897042509,0.37786594649862826
4.0,15.0,185.07600000000002,0.43972560855626686,0.6334841628959276,0,-1.0766454946776838,385.1210000000008,0.3975497402393075,0.7797619047619048,504,195,3,198.03999999999883,0.39099281947199555,0.5330188679245284,1,-0.8431537504501786,1093.3139999999992,0.5407653013958644,0.750814332247557,614,195,4,0.1988285683514626,0.18682451262155295,185.07600000000002,198.03999999999883,0.20188666666666832,0.022190112212466584,0.60383593756359,-0.34849041059275465,0.48851666666666915,0.08729047933625034,0.7574716549785268,0.28125637221468325
